14-mar-2019,,,,,,,,,,,
iShares Russell 1000 Growth ETF,,,,,,,,,,,
Inception Date,22-may-2000,,,,,,,,,,
Fund Holdings as of,14-mar-2019,,,,,,,,,,
Total Net Assets,"USD 42,473,905,308.13",,,,,,,,,,
Number of Securities,544.00,,,,,,,,,,
Share,"283,100,000.00",,,,,,,,,,
,,,,,,,,,,,
Ticker,Nombre,Clase de activo,Peso (%),Precio,Acciones,Valor de mercado,Valor nominal,Sector,SEDOL,ISIN,Bolsa de valores
AAPL,APPLE INC,Equity,6.60,183.73,"15,189,695.00","2,790,802,662.35","2,790,802,662.35",Tecnología de la Información,2046251,US0378331005,NASDAQ
MSFT,MICROSOFT CORP,Equity,6.23,114.59,"22,955,667.00","2,630,489,881.53","2,630,489,881.53",Tecnología de la Información,2588173,US5949181045,NASDAQ
AMZN,AMAZON COM INC,Equity,5.19,"1,686.22","1,300,204.00","2,192,429,988.88","2,192,429,988.88",Consumo discrecional,2000019,US0231351067,NASDAQ
FB,FACEBOOK CLASS A INC,Equity,3.07,170.17,"7,621,683.00","1,296,981,796.11","1,296,981,796.11",Comunicación,B7TL820,US30303M1027,NASDAQ
GOOG,ALPHABET INC CLASS C,Equity,2.73,"1,185.55","974,038.00","1,154,770,750.90","1,154,770,750.90",Comunicación,BYY88Y7,US02079K1079,NASDAQ
GOOGL,ALPHABET INC CLASS A,Equity,2.70,"1,192.53","955,387.00","1,139,327,659.11","1,139,327,659.11",Comunicación,BYVY8G0,US02079K3059,NASDAQ
V,VISA INC CLASS A,Equity,2.06,154.20,"5,645,389.00","870,518,983.80","870,518,983.80",Tecnología de la Información,B2PZN04,US92826C8394,New York Stock Exchange Inc.
UNH,UNITEDHEALTH GROUP INC,Equity,1.84,253.27,"3,063,616.00","775,922,024.32","775,922,024.32",Cuidado de la Salud,2917766,US91324P1021,New York Stock Exchange Inc.
MA,MASTERCARD INC CLASS A,Equity,1.60,229.51,"2,944,470.00","675,785,309.70","675,785,309.70",Tecnología de la Información,B121557,US57636Q1040,New York Stock Exchange Inc.
HD,HOME DEPOT INC,Equity,1.59,181.61,"3,694,124.00","670,889,859.64","670,889,859.64",Consumo discrecional,2434209,US4370761029,New York Stock Exchange Inc.
BA,BOEING,Equity,1.52,373.30,"1,716,171.00","640,646,634.30","640,646,634.30",Industriales,2108601,US0970231058,New York Stock Exchange Inc.
NFLX,NETFLIX INC,Equity,1.13,358.82,"1,335,408.00","479,171,098.56","479,171,098.56",Comunicación,2857817,US64110L1061,NASDAQ
PEP,PEPSICO INC,Equity,1.10,115.50,"4,027,298.00","465,152,919.00","465,152,919.00",Productos básicos de consumo,2681511,US7134481081,NASDAQ
KO,COCA-COLA,Equity,1.03,45.70,"9,513,785.00","434,779,974.50","434,779,974.50",Productos básicos de consumo,2206657,US1912161007,New York Stock Exchange Inc.
ADBE,ADOBE INC,Equity,1.00,267.69,"1,575,510.00","421,748,271.90","421,748,271.90",Tecnología de la Información,2008154,US00724F1012,NASDAQ
DIS,WALT DISNEY,Equity,0.93,114.48,"3,421,318.00","391,672,484.64","391,672,484.64",Comunicación,2270726,US2546871060,New York Stock Exchange Inc.
ABBV,ABBVIE INC,Equity,0.92,79.95,"4,856,716.00","388,294,444.20","388,294,444.20",Cuidado de la Salud,B92SR70,US00287Y1091,New York Stock Exchange Inc.
PYPL,PAYPAL HOLDINGS INC,Equity,0.89,99.03,"3,807,274.00","377,034,344.22","377,034,344.22",Tecnología de la Información,BYW36M8,US70450Y1038,NASDAQ
CRM,SALESFORCE.COM INC,Equity,0.88,160.67,"2,304,532.00","370,269,156.44","370,269,156.44",Tecnología de la Información,2310525,US79466L3024,New York Stock Exchange Inc.
AMGN,AMGEN INC,Equity,0.85,187.76,"1,922,473.00","360,963,530.48","360,963,530.48",Cuidado de la Salud,2023607,US0311621009,NASDAQ
UNP,UNION PACIFIC CORP,Equity,0.85,165.17,"2,178,937.00","359,895,024.29","359,895,024.29",Industriales,2914734,US9078181081,New York Stock Exchange Inc.
NKE,NIKE INC CLASS B,Equity,0.83,86.87,"4,021,147.00","349,317,039.89","349,317,039.89",Consumo discrecional,2640147,US6541061031,New York Stock Exchange Inc.
MO,ALTRIA GROUP INC,Equity,0.81,56.40,"6,068,206.00","342,246,818.40","342,246,818.40",Productos básicos de consumo,2692632,US02209S1033,New York Stock Exchange Inc.
ACN,ACCENTURE PLC CLASS A,Equity,0.80,164.82,"2,060,656.00","339,637,321.92","339,637,321.92",Tecnología de la Información,B4BNMY3,IE00B4BNMY34,New York Stock Exchange Inc.
TXN,TEXAS INSTRUMENT INC,Equity,0.78,107.10,"3,080,573.00","329,929,368.30","329,929,368.30",Tecnología de la Información,2885409,US8825081040,NASDAQ
COST,COSTCO WHOLESALE CORP,Equity,0.77,233.84,"1,400,224.00","327,428,380.16","327,428,380.16",Productos básicos de consumo,2701271,US22160K1051,NASDAQ
MMM,3M,Equity,0.75,207.38,"1,525,183.00","316,292,450.54","316,292,450.54",Industriales,2595708,US88579Y1010,New York Stock Exchange Inc.
NVDA,NVIDIA CORP,Equity,0.73,165.56,"1,865,388.00","308,833,637.28","308,833,637.28",Tecnología de la Información,2379504,US67066G1040,NASDAQ
IBM,INTERNATIONAL BUSINESS MACHINES CO,Equity,0.70,138.79,"2,117,059.00","293,826,618.61","293,826,618.61",Tecnología de la Información,2005973,US4592001014,New York Stock Exchange Inc.
SBUX,STARBUCKS CORP,Equity,0.65,70.74,"3,870,593.00","273,805,748.82","273,805,748.82",Consumo discrecional,2842255,US8552441094,NASDAQ
BKNG,BOOKING HOLDINGS INC,Equity,0.63,"1,743.88","151,915.00","264,921,530.20","264,921,530.20",Consumo discrecional,BDRXDB4,US09857L1089,NASDAQ
AMT,AMERICAN TOWER REIT CORP,Equity,0.63,187.97,"1,405,307.00","264,155,556.79","264,155,556.79",Bienes Raíces,B7FBFL2,US03027X1000,New York Stock Exchange Inc.
LOW,LOWES COMPANIES INC,Equity,0.62,100.81,"2,616,451.00","263,764,425.31","263,764,425.31",Consumo discrecional,2536763,US5486611073,New York Stock Exchange Inc.
UPS,UNITED PARCEL SERVICE INC CLASS B,Equity,0.58,110.88,"2,213,155.00","245,394,626.40","245,394,626.40",Industriales,2517382,US9113121068,New York Stock Exchange Inc.
HON,HONEYWELL INTERNATIONAL INC,Equity,0.54,155.25,"1,483,367.00","230,292,726.75","230,292,726.75",Industriales,2020459,US4385161066,New York Stock Exchange Inc.
CAT,CATERPILLAR INC,Equity,0.53,133.69,"1,687,357.00","225,582,757.33","225,582,757.33",Industriales,2180201,US1491231015,New York Stock Exchange Inc.
ADP,AUTOMATIC DATA PROCESSING INC,Equity,0.51,153.51,"1,411,484.00","216,676,908.84","216,676,908.84",Tecnología de la Información,2065308,US0530151036,NASDAQ
LMT,LOCKHEED MARTIN CORP,Equity,0.51,298.51,"725,824.00","216,665,722.24","216,665,722.24",Industriales,2522096,US5398301094,New York Stock Exchange Inc.
LLY,ELI LILLY,Equity,0.51,123.08,"1,736,952.00","213,784,052.16","213,784,052.16",Cuidado de la Salud,2516152,US5324571083,New York Stock Exchange Inc.
JNJ,JOHNSON & JOHNSON,Equity,0.51,138.02,"1,548,902.00","213,779,454.04","213,779,454.04",Cuidado de la Salud,2475833,US4781601046,New York Stock Exchange Inc.
AVGO,BROADCOM INC,Equity,0.50,268.20,"790,573.00","212,031,678.60","212,031,678.60",Tecnología de la Información,BDZ78H9,US11135F1012,NASDAQ
SYK,STRYKER CORP,Equity,0.50,193.35,"1,094,367.00","211,595,859.45","211,595,859.45",Cuidado de la Salud,2853688,US8636671013,New York Stock Exchange Inc.
TJX,TJX INC,Equity,0.49,52.10,"3,966,484.00","206,653,816.40","206,653,816.40",Consumo discrecional,2989301,US8725401090,New York Stock Exchange Inc.
ISRG,INTUITIVE SURGICAL INC,Equity,0.48,558.73,"359,981.00","201,132,184.13","201,132,184.13",Cuidado de la Salud,2871301,US46120E6023,NASDAQ
INTU,INTUIT INC,Equity,0.47,256.77,"781,236.00","200,597,967.72","200,597,967.72",Tecnología de la Información,2459020,US4612021034,NASDAQ
GILD,GILEAD SCIENCES INC,Equity,0.47,64.79,"3,090,350.00","200,223,776.50","200,223,776.50",Cuidado de la Salud,2369174,US3755581036,NASDAQ
CELG,CELGENE CORP,Equity,0.47,88.29,"2,248,670.00","198,535,074.30","198,535,074.30",Cuidado de la Salud,2182348,US1510201049,NASDAQ
BIIB,BIOGEN INC,Equity,0.47,321.52,"611,250.00","196,529,100.00","196,529,100.00",Cuidado de la Salud,2455965,US09062X1037,NASDAQ
LIN,LINDE PLC,Equity,0.43,174.21,"1,043,969.00","181,869,839.49","181,869,839.49",Materiales,BZ12WP8,IE00BZ12WP82,New York Stock Exchange Inc.
SCHW,CHARLES SCHWAB CORP,Equity,0.41,45.30,"3,849,158.00","174,366,857.40","174,366,857.40",Financieros,2779397,US8085131055,New York Stock Exchange Inc.
AXP,AMERICAN EXPRESS,Equity,0.41,112.35,"1,549,095.00","174,040,823.25","174,040,823.25",Financieros,2026082,US0258161092,New York Stock Exchange Inc.
RTN,RAYTHEON,Equity,0.39,180.25,"920,207.00","165,867,311.75","165,867,311.75",Industriales,2758051,US7551115071,New York Stock Exchange Inc.
DE,DEERE,Equity,0.39,157.76,"1,036,887.00","163,579,293.12","163,579,293.12",Industriales,2261203,US2441991054,New York Stock Exchange Inc.
SPG,SIMON PROPERTY GROUP REIT INC,Equity,0.39,179.79,"906,182.00","162,922,461.78","162,922,461.78",Bienes Raíces,2812452,US8288061091,New York Stock Exchange Inc.
SPGI,S&P GLOBAL INC,Equity,0.38,201.60,"804,999.00","162,287,798.40","162,287,798.40",Financieros,BYV2325,US78409V1044,New York Stock Exchange Inc.
BRKB,BERKSHIRE HATHAWAY INC CLASS B,Equity,0.38,203.38,"782,333.00","159,110,885.54","159,110,885.54",Financieros,2073390,US0846707026,New York Stock Exchange Inc.
ITW,ILLINOIS TOOL INC,Equity,0.36,144.90,"1,059,248.00","153,485,035.20","153,485,035.20",Industriales,2457552,US4523081093,New York Stock Exchange Inc.
VRTX,VERTEX PHARMACEUTICALS INC,Equity,0.36,186.11,"817,094.00","152,069,364.34","152,069,364.34",Cuidado de la Salud,2931034,US92532F1003,NASDAQ
ZTS,ZOETIS INC CLASS A,Equity,0.35,96.20,"1,551,850.00","149,287,970.00","149,287,970.00",Cuidado de la Salud,B95WG16,US98978V1035,New York Stock Exchange Inc.
ILMN,ILLUMINA INC,Equity,0.34,309.20,"469,955.00","145,310,086.00","145,310,086.00",Cuidado de la Salud,2613990,US4523271090,NASDAQ
NOC,NORTHROP GRUMMAN CORP,Equity,0.34,274.75,"518,278.00","142,396,880.50","142,396,880.50",Industriales,2648806,US6668071029,New York Stock Exchange Inc.
FDX,FEDEX CORP,Equity,0.33,179.08,"781,968.00","140,034,829.44","140,034,829.44",Industriales,2142784,US31428X1063,New York Stock Exchange Inc.
CHTR,CHARTER COMMUNICATIONS INC CLASS A,Equity,0.33,352.71,"394,725.00","139,223,454.75","139,223,454.75",Comunicación,BZ6VT82,US16119P1084,NASDAQ
BMY,BRISTOL MYERS SQUIBB,Equity,0.33,49.89,"2,788,479.00","139,117,217.31","139,117,217.31",Cuidado de la Salud,2126335,US1101221083,New York Stock Exchange Inc.
NOW,SERVICENOW INC,Equity,0.33,241.59,"569,485.00","137,581,881.15","137,581,881.15",Tecnología de la Información,B80NXX8,US81762P1021,New York Stock Exchange Inc.
BSX,BOSTON SCIENTIFIC CORP,Equity,0.32,40.05,"3,395,298.00","135,981,684.90","135,981,684.90",Cuidado de la Salud,2113434,US1011371077,New York Stock Exchange Inc.
PGR,PROGRESSIVE CORP,Equity,0.32,72.86,"1,857,304.00","135,323,169.44","135,323,169.44",Financieros,2705024,US7433151039,New York Stock Exchange Inc.
AON,AON PLC CLASS A,Equity,0.31,168.58,"769,976.00","129,802,554.08","129,802,554.08",Financieros,B5BT0K0,GB00B5BT0K07,New York Stock Exchange Inc.
TSLA,TESLA INC,Equity,0.30,289.96,"439,053.00","127,307,807.88","127,307,807.88",Consumo discrecional,B616C79,US88160R1014,NASDAQ
CCI,CROWN CASTLE INTERNATIONAL REIT CO,Equity,0.29,124.01,"1,000,702.00","124,097,055.02","124,097,055.02",Bienes Raíces,BTGQCX1,US22822V1017,New York Stock Exchange Inc.
AMAT,APPLIED MATERIAL INC,Equity,0.29,38.93,"3,149,297.00","122,602,132.21","122,602,132.21",Tecnología de la Información,2046552,US0382221051,NASDAQ
XTSLA,BLK CSH FND TREASURY SL AGENCY,Money Market,0.29,1.00,"120,993,524.00","120,993,524.39","120,993,524.39",Liquidez,--,US0669224778,--
EW,EDWARDS LIFESCIENCES CORP,Equity,0.28,178.02,"672,846.00","119,780,044.92","119,780,044.92",Cuidado de la Salud,2567116,US28176E1082,New York Stock Exchange Inc.
CTSH,COGNIZANT TECHNOLOGY SOLUTIONS COR,Equity,0.28,70.93,"1,687,326.00","119,682,033.18","119,682,033.18",Tecnología de la Información,2257019,US1924461023,NASDAQ
WM,WASTE MANAGEMENT INC,Equity,0.28,101.16,"1,158,621.00","117,206,100.36","117,206,100.36",Industriales,2937667,US94106L1098,New York Stock Exchange Inc.
HUM,HUMANA INC,Equity,0.28,279.82,"418,528.00","117,112,504.96","117,112,504.96",Cuidado de la Salud,2445063,US4448591028,New York Stock Exchange Inc.
EQIX,EQUINIX REIT INC,Equity,0.28,440.48,"264,465.00","116,491,543.20","116,491,543.20",Bienes Raíces,BVLZX12,US29444U7000,NASDAQ
KMB,KIMBERLY CLARK CORP,Equity,0.27,118.45,"971,558.00","115,081,045.10","115,081,045.10",Productos básicos de consumo,2491839,US4943681035,New York Stock Exchange Inc.
SHW,SHERWIN WILLIAMS,Equity,0.27,428.82,"266,962.00","114,478,644.84","114,478,644.84",Materiales,2804211,US8243481061,New York Stock Exchange Inc.
EL,ESTEE LAUDER INC CLASS A,Equity,0.26,159.99,"685,656.00","109,698,103.44","109,698,103.44",Productos básicos de consumo,2320524,US5184391044,New York Stock Exchange Inc.
FISV,FISERV INC,Equity,0.26,85.50,"1,277,390.00","109,216,845.00","109,216,845.00",Tecnología de la Información,2342034,US3377381088,NASDAQ
MU,MICRON TECHNOLOGY INC,Equity,0.26,38.41,"2,842,160.00","109,167,365.60","109,167,365.60",Tecnología de la Información,2588184,US5951121038,NASDAQ
MAR,MARRIOTT INTERNATIONAL INC CLASS A,Equity,0.26,119.62,"906,558.00","108,442,467.96","108,442,467.96",Consumo discrecional,2210614,US5719032022,NASDAQ
ATVI,ACTIVISION BLIZZARD INC,Equity,0.25,43.32,"2,405,547.00","104,208,296.04","104,208,296.04",Comunicación,2575818,US00507V1098,NASDAQ
ROST,ROSS STORES INC,Equity,0.25,89.24,"1,166,351.00","104,085,163.24","104,085,163.24",Consumo discrecional,2746711,US7782961038,NASDAQ
REGN,REGENERON PHARMACEUTICALS INC,Equity,0.25,407.50,"254,441.00","103,684,707.50","103,684,707.50",Cuidado de la Salud,2730190,US75886F1075,NASDAQ
PSA,PUBLIC STORAGE REIT,Equity,0.25,218.57,"473,837.00","103,566,553.09","103,566,553.09",Bienes Raíces,2852533,US74460D1090,New York Stock Exchange Inc.
RHT,RED HAT INC,Equity,0.24,181.67,"566,433.00","102,903,883.11","102,903,883.11",Tecnología de la Información,2447218,US7565771026,New York Stock Exchange Inc.
SYY,SYSCO CORP,Equity,0.24,66.12,"1,521,158.00","100,578,966.96","100,578,966.96",Productos básicos de consumo,2868165,US8718291078,New York Stock Exchange Inc.
XLNX,XILINX INC,Equity,0.24,122.48,"815,950.00","99,937,556.00","99,937,556.00",Tecnología de la Información,2985677,US9839191015,NASDAQ
EMR,EMERSON ELECTRIC,Equity,0.23,67.48,"1,423,290.00","96,043,609.20","96,043,609.20",Industriales,2313405,US2910111044,New York Stock Exchange Inc.
DG,DOLLAR GENERAL CORP,Equity,0.22,111.64,"848,952.00","94,777,001.28","94,777,001.28",Consumo discrecional,B5B1S13,US2566771059,New York Stock Exchange Inc.
EA,ELECTRONIC ARTS INC,Equity,0.22,98.83,"947,283.00","93,619,978.89","93,619,978.89",Comunicación,2310194,US2855121099,NASDAQ
MCO,MOODYS CORP,Equity,0.22,174.98,"532,512.00","93,178,949.76","93,178,949.76",Financieros,2252058,US6153691059,New York Stock Exchange Inc.
ORLY,OREILLY AUTOMOTIVE INC,Equity,0.22,368.16,"252,281.00","92,879,772.96","92,879,772.96",Consumo discrecional,B65LWX6,US67103H1077,NASDAQ
ADSK,AUTODESK INC,Equity,0.21,153.15,"588,598.00","90,143,783.70","90,143,783.70",Tecnología de la Información,2065159,US0527691069,NASDAQ
APH,AMPHENOL CORP CLASS A,Equity,0.21,94.32,"942,775.00","88,922,538.00","88,922,538.00",Tecnología de la Información,2145084,US0320951017,New York Stock Exchange Inc.
MCD,MCDONALDS CORP,Equity,0.21,182.74,"481,614.00","88,010,142.36","88,010,142.36",Consumo discrecional,2550707,US5801351017,New York Stock Exchange Inc.
CSX,CSX CORP,Equity,0.21,73.00,"1,203,620.00","87,864,260.00","87,864,260.00",Industriales,2160753,US1264081035,NASDAQ
LRCX,LAM RESEARCH CORP,Equity,0.21,176.53,"495,355.00","87,445,018.15","87,445,018.15",Tecnología de la Información,2502247,US5128071082,NASDAQ
WDAY,WORKDAY INC CLASS A,Equity,0.21,187.04,"464,001.00","86,786,747.04","86,786,747.04",Tecnología de la Información,B8K6ZD1,US98138H1014,NASDAQ
STZ,CONSTELLATION BRANDS INC CLASS A,Equity,0.20,170.61,"495,434.00","84,525,994.74","84,525,994.74",Productos básicos de consumo,2170473,US21036P1084,New York Stock Exchange Inc.
HCA,HCA HEALTHCARE INC,Equity,0.19,131.77,"621,519.00","81,897,558.63","81,897,558.63",Cuidado de la Salud,B4MGBG6,US40412C1018,New York Stock Exchange Inc.
PAYX,PAYCHEX INC,Equity,0.19,78.99,"1,028,949.00","81,276,681.51","81,276,681.51",Tecnología de la Información,2674458,US7043261079,NASDAQ
HAL,HALLIBURTON,Equity,0.19,28.47,"2,788,529.00","79,389,420.63","79,389,420.63",Energía,2405302,US4062161017,New York Stock Exchange Inc.
ALXN,ALEXION PHARMACEUTICALS INC,Equity,0.18,134.88,"570,002.00","76,881,869.76","76,881,869.76",Cuidado de la Salud,2036070,US0153511094,NASDAQ
MNST,MONSTER BEVERAGE CORP,Equity,0.18,59.67,"1,276,283.00","76,155,806.61","76,155,806.61",Productos básicos de consumo,BZ07BW4,US61174X1090,NASDAQ
HLT,HILTON WORLDWIDE HOLDINGS INC,Equity,0.18,85.00,"895,326.00","76,102,710.00","76,102,710.00",Consumo discrecional,BYVMW06,US43300A2033,New York Stock Exchange Inc.
SQ,SQUARE INC CLASS A,Equity,0.17,77.38,"933,567.00","72,239,414.46","72,239,414.46",Tecnología de la Información,BYNZGK1,US8522341036,New York Stock Exchange Inc.
FTV,FORTIVE CORP,Equity,0.17,82.64,"862,577.00","71,283,363.28","71,283,363.28",Industriales,BYT3MK1,US34959J1088,New York Stock Exchange Inc.
TWTR,TWITTER INC,Equity,0.17,31.03,"2,284,808.00","70,897,592.24","70,897,592.24",Comunicación,BFLR866,US90184L1026,New York Stock Exchange Inc.
TROW,T ROWE PRICE GROUP INC,Equity,0.17,100.68,"702,568.00","70,734,546.24","70,734,546.24",Financieros,2702337,US74144T1088,NASDAQ
PANW,PALO ALTO NETWORKS INC,Equity,0.17,242.76,"290,469.00","70,514,254.44","70,514,254.44",Tecnología de la Información,B87ZMX0,US6974351057,New York Stock Exchange Inc.
MMC,MARSH & MCLENNAN INC,Equity,0.17,92.49,"760,272.00","70,317,557.28","70,317,557.28",Financieros,2567741,US5717481023,New York Stock Exchange Inc.
ROK,ROCKWELL AUTOMATION INC,Equity,0.16,180.68,"383,915.00","69,365,762.20","69,365,762.20",Industriales,2754060,US7739031091,New York Stock Exchange Inc.
TDG,TRANSDIGM GROUP INC,Equity,0.16,442.58,"154,985.00","68,593,261.30","68,593,261.30",Industriales,B11FJK3,US8936411003,New York Stock Exchange Inc.
ICE,INTERCONTINENTAL EXCHANGE INC,Equity,0.16,73.89,"927,414.00","68,526,620.46","68,526,620.46",Financieros,BFSSDS9,US45866F1049,New York Stock Exchange Inc.
AMD,ADVANCED MICRO DEVICES INC,Equity,0.16,22.82,"2,989,413.00","68,218,404.66","68,218,404.66",Tecnología de la Información,2007849,US0079031078,NASDAQ
CNC,CENTENE CORP,Equity,0.16,59.38,"1,145,254.00","68,005,182.52","68,005,182.52",Cuidado de la Salud,2807061,US15135B1017,New York Stock Exchange Inc.
VFC,VF CORP,Equity,0.16,84.94,"799,483.00","67,908,086.02","67,908,086.02",Consumo discrecional,2928683,US9182041080,New York Stock Exchange Inc.
SBAC,SBA COMMUNICATIONS REIT CORP CLASS,Equity,0.16,189.44,"357,717.00","67,765,908.48","67,765,908.48",Bienes Raíces,BZ6TS23,US78410G1040,NASDAQ
GPN,GLOBAL PAYMENTS INC,Equity,0.16,132.35,"509,998.00","67,498,235.30","67,498,235.30",Tecnología de la Información,2712013,US37940X1028,New York Stock Exchange Inc.
AZO,AUTOZONE INC,Equity,0.16,950.22,"70,989.00","67,455,167.58","67,455,167.58",Consumo discrecional,2065955,US0533321024,New York Stock Exchange Inc.
FLT,FLEETCOR TECHNOLOGIES INC,Equity,0.16,236.60,"280,935.00","66,469,221.00","66,469,221.00",Tecnología de la Información,B4R28B3,US3390411052,New York Stock Exchange Inc.
VRSK,VERISK ANALYTICS INC,Equity,0.16,128.13,"514,627.00","65,939,157.51","65,939,157.51",Industriales,B4P9W92,US92345Y1064,NASDAQ
ECL,ECOLAB INC,Equity,0.15,173.60,"368,958.00","64,051,108.80","64,051,108.80",Materiales,2304227,US2788651006,New York Stock Exchange Inc.
GD,GENERAL DYNAMICS CORP,Equity,0.15,169.59,"374,483.00","63,508,571.97","63,508,571.97",Industriales,2365161,US3695501086,New York Stock Exchange Inc.
ALGN,ALIGN TECHNOLOGY INC,Equity,0.15,247.59,"254,574.00","63,029,976.66","63,029,976.66",Cuidado de la Salud,2679204,US0162551016,NASDAQ
MCHP,MICROCHIP TECHNOLOGY INC,Equity,0.15,84.00,"738,851.00","62,063,484.00","62,063,484.00",Tecnología de la Información,2592174,US5950171042,NASDAQ
KLAC,KLA TENCOR CORP,Equity,0.15,117.19,"524,180.00","61,428,654.20","61,428,654.20",Tecnología de la Información,2480138,US4824801009,NASDAQ
VRSN,VERISIGN INC,Equity,0.15,181.43,"338,101.00","61,341,664.43","61,341,664.43",Tecnología de la Información,2142922,US92343E1029,NASDAQ
HRS,HARRIS CORP,Equity,0.14,160.44,"380,711.00","61,081,272.84","61,081,272.84",Industriales,2412001,US4138751056,New York Stock Exchange Inc.
LUV,SOUTHWEST AIRLINES,Equity,0.14,51.16,"1,171,777.00","59,948,111.32","59,948,111.32",Industriales,2831543,US8447411088,New York Stock Exchange Inc.
APTV,APTIV PLC,Equity,0.14,81.10,"738,152.00","59,864,127.20","59,864,127.20",Consumo discrecional,B783TY6,JE00B783TY65,New York Stock Exchange Inc.
SPLK,SPLUNK INC,Equity,0.14,126.42,"467,469.00","59,097,430.98","59,097,430.98",Tecnología de la Información,B424494,US8486371045,NASDAQ
IDXX,IDEXX LABORATORIES INC,Equity,0.14,210.87,"275,582.00","58,111,976.34","58,111,976.34",Cuidado de la Salud,2459202,US45168D1046,NASDAQ
CTAS,CINTAS CORP,Equity,0.14,204.89,"280,419.00","57,455,048.91","57,455,048.91",Industriales,2197137,US1729081059,NASDAQ
CI,CIGNA CORP,Equity,0.14,169.56,"337,011.00","57,143,585.16","57,143,585.16",Cuidado de la Salud,BHJ0775,US1255231003,New York Stock Exchange Inc.
CLX,CLOROX,Equity,0.14,159.83,"357,486.00","57,136,987.38","57,136,987.38",Productos básicos de consumo,2204026,US1890541097,New York Stock Exchange Inc.
FAST,FASTENAL,Equity,0.13,62.19,"916,708.00","57,010,070.52","57,010,070.52",Industriales,2332262,US3119001044,NASDAQ
ULTA,ULTA BEAUTY INC,Equity,0.13,312.51,"180,423.00","56,383,991.73","56,383,991.73",Consumo discrecional,B28TS42,US90384S3031,NASDAQ
NTAP,NETAPP INC,Equity,0.13,65.74,"839,328.00","55,177,422.72","55,177,422.72",Tecnología de la Información,2630643,US64110D1046,NASDAQ
MTD,METTLER TOLEDO INC,Equity,0.13,698.68,"78,294.00","54,702,451.92","54,702,451.92",Cuidado de la Salud,2126249,US5926881054,New York Stock Exchange Inc.
CDNS,CADENCE DESIGN SYSTEMS INC,Equity,0.13,61.16,"893,036.00","54,618,081.76","54,618,081.76",Tecnología de la Información,2302232,US1273871087,NASDAQ
TSS,TOTAL SYSTEM SERVICES INC,Equity,0.13,93.75,"578,374.00","54,222,562.50","54,222,562.50",Tecnología de la Información,2897697,US8919061098,New York Stock Exchange Inc.
WAT,WATER CORP,Equity,0.13,242.49,"222,809.00","54,028,954.41","54,028,954.41",Cuidado de la Salud,2937689,US9418481035,New York Stock Exchange Inc.
ANET,ARISTA NETWORKS INC,Equity,0.13,292.61,"184,008.00","53,842,580.88","53,842,580.88",Tecnología de la Información,BN33VM5,US0404131064,New York Stock Exchange Inc.
BMRN,BIOMARIN PHARMACEUTICAL INC,Equity,0.13,94.50,"567,010.00","53,582,445.00","53,582,445.00",Cuidado de la Salud,2437071,US09061G1013,NASDAQ
CSGP,COSTAR GROUP INC,Equity,0.13,465.67,"114,803.00","53,460,313.01","53,460,313.01",Industriales,2262864,US22160N1090,NASDAQ
MSCI,MSCI INC,Equity,0.12,186.81,"278,590.00","52,043,397.90","52,043,397.90",Financieros,B2972D2,US55354G1004,New York Stock Exchange Inc.
CMG,CHIPOTLE MEXICAN GRILL INC,Equity,0.12,642.39,"77,937.00","50,065,949.43","50,065,949.43",Consumo discrecional,B0X7DZ3,US1696561059,New York Stock Exchange Inc.
CBS,CBS CORP CLASS B,Equity,0.12,48.24,"1,037,562.00","50,051,990.88","50,051,990.88",Comunicación,B0SRLH6,US1248572026,New York Stock Exchange Inc.
IAC,IAC INTERACTIVE,Equity,0.12,207.69,"238,892.00","49,615,479.48","49,615,479.48",Comunicación,B0F0F09,US44919P5089,NASDAQ
AMTD,TD AMERITRADE HOLDING CORP,Equity,0.12,55.02,"899,645.00","49,498,467.90","49,498,467.90",Financieros,2983154,US87236Y1082,NASDAQ
ANSS,ANSYS INC,Equity,0.11,180.62,"265,833.00","48,014,756.46","48,014,756.46",Tecnología de la Información,2045623,US03662Q1058,NASDAQ
VEEV,VEEVA SYSTEMS INC CLASS A,Equity,0.11,122.32,"387,933.00","47,451,964.56","47,451,964.56",Cuidado de la Salud,BFH3N85,US9224751084,New York Stock Exchange Inc.
INCY,INCYTE CORP,Equity,0.11,84.31,"559,838.00","47,199,941.78","47,199,941.78",Cuidado de la Salud,2471950,US45337C1027,NASDAQ
MXIM,MAXIM INTEGRATED PRODUCTS INC,Equity,0.11,52.88,"887,997.00","46,957,281.36","46,957,281.36",Tecnología de la Información,2573760,US57772K1016,NASDAQ
EXPE,EXPEDIA GROUP INC,Equity,0.11,120.80,"386,364.00","46,672,771.20","46,672,771.20",Consumo discrecional,B748CK2,US30212P3038,NASDAQ
TMUS,T MOBILE US INC,Equity,0.11,72.34,"641,299.00","46,391,569.66","46,391,569.66",Comunicación,B94Q9V0,US8725901040,NASDAQ
MRK,MERCK & CO INC,Equity,0.11,81.49,"557,336.00","45,417,310.64","45,417,310.64",Cuidado de la Salud,2778844,US58933Y1055,New York Stock Exchange Inc.
BFB,BROWN FORMAN CORP CLASS B,Equity,0.11,50.19,"903,084.00","45,325,785.96","45,325,785.96",Productos básicos de consumo,2146838,US1156372096,New York Stock Exchange Inc.
RMD,RESMED INC,Equity,0.11,101.00,"448,590.00","45,307,590.00","45,307,590.00",Cuidado de la Salud,2732903,US7611521078,New York Stock Exchange Inc.
HSY,HERSHEY FOODS,Equity,0.11,110.38,"409,268.00","45,175,001.84","45,175,001.84",Productos básicos de consumo,2422806,US4278661081,New York Stock Exchange Inc.
CDW,CDW CORP,Equity,0.11,96.62,"467,187.00","45,139,607.94","45,139,607.94",Tecnología de la Información,BBM5MD6,US12514G1085,NASDAQ
IR,INGERSOLL RAND PLC,Equity,0.11,105.95,"423,829.00","44,904,682.55","44,904,682.55",Industriales,B633030,IE00B6330302,New York Stock Exchange Inc.
ABMD,ABIOMED INC,Equity,0.11,325.61,"137,308.00","44,708,857.88","44,708,857.88",Cuidado de la Salud,2003698,US0036541003,NASDAQ
CHD,CHURCH AND DWIGHT INC,Equity,0.11,66.93,"663,092.00","44,380,747.56","44,380,747.56",Productos básicos de consumo,2195841,US1713401024,New York Stock Exchange Inc.
FDC,FIRST DATA CORP CLASS A,Equity,0.10,25.45,"1,740,876.00","44,305,294.20","44,305,294.20",Tecnología de la Información,BYX3ZN1,US32008D1063,New York Stock Exchange Inc.
CTXS,CITRIX SYSTEMS INC,Equity,0.10,101.66,"433,421.00","44,061,578.86","44,061,578.86",Tecnología de la Información,2182553,US1773761002,NASDAQ
VMC,VULCAN MATERIALS,Equity,0.10,111.23,"395,553.00","43,997,360.19","43,997,360.19",Materiales,2931205,US9291601097,New York Stock Exchange Inc.
LULU,LULULEMON ATHLETICA INC,Equity,0.10,144.18,"304,763.00","43,940,729.34","43,940,729.34",Consumo discrecional,B23FN39,US5500211090,NASDAQ
GWW,WW GRAINGER INC,Equity,0.10,297.53,"145,015.00","43,146,312.95","43,146,312.95",Industriales,2380863,US3848021040,New York Stock Exchange Inc.
EXPD,EXPEDITORS INTERNATIONAL OF WASHIN,Equity,0.10,77.00,"549,004.00","42,273,308.00","42,273,308.00",Industriales,2325507,US3021301094,NASDAQ
LYB,LYONDELLBASELL INDUSTRIES NV CLASS,Equity,0.10,87.44,"479,575.00","41,934,038.00","41,934,038.00",Materiales,B3SPXZ3,NL0009434992,New York Stock Exchange Inc.
ORCL,ORACLE CORP,Equity,0.10,53.05,"789,760.00","41,896,768.00","41,896,768.00",Tecnología de la Información,2661568,US68389X1054,New York Stock Exchange Inc.
LVS,LAS VEGAS SANDS CORP,Equity,0.10,59.42,"701,288.00","41,670,532.96","41,670,532.96",Consumo discrecional,B02T2J7,US5178341070,New York Stock Exchange Inc.
DXCM,DEXCOM INC,Equity,0.10,146.85,"281,392.00","41,322,415.20","41,322,415.20",Cuidado de la Salud,B0796X4,US2521311074,NASDAQ
IT,GARTNER INC,Equity,0.10,144.13,"283,426.00","40,850,189.38","40,850,189.38",Tecnología de la Información,2372763,US3666511072,New York Stock Exchange Inc.
PXD,PIONEER NATURAL RESOURCE,Equity,0.10,136.37,"297,930.00","40,628,714.10","40,628,714.10",Energía,2690830,US7237871071,New York Stock Exchange Inc.
VMW,VMWARE INC CLASS A,Equity,0.10,179.26,"226,549.00","40,611,173.74","40,611,173.74",Tecnología de la Información,B23SN61,US9285634021,New York Stock Exchange Inc.
GDDY,GODADDY INC CLASS A,Equity,0.10,75.17,"538,751.00","40,497,912.67","40,497,912.67",Tecnología de la Información,BWFRFC6,US3802371076,New York Stock Exchange Inc.
ABC,AMERISOURCEBERGEN CORP,Equity,0.10,79.51,"505,654.00","40,204,549.54","40,204,549.54",Cuidado de la Salud,2795393,US03073E1055,New York Stock Exchange Inc.
VAR,VARIAN MEDICAL SYSTEMS INC,Equity,0.09,136.31,"293,155.00","39,959,958.05","39,959,958.05",Cuidado de la Salud,2927516,US92220P1057,New York Stock Exchange Inc.
SSNC,SS AND C TECHNOLOGIES HOLDINGS INC,Equity,0.09,63.16,"618,044.00","39,035,659.04","39,035,659.04",Tecnología de la Información,B58YSC6,US78467J1007,NASDAQ
CHRW,CH ROBINSON WORLDWIDE INC,Equity,0.09,89.34,"435,753.00","38,930,173.02","38,930,173.02",Industriales,2116228,US12541W2098,NASDAQ
CPRT,COPART INC,Equity,0.09,59.20,"651,799.00","38,586,500.80","38,586,500.80",Industriales,2208073,US2172041061,NASDAQ
TRU,TRANSUNION,Equity,0.09,65.06,"592,679.00","38,559,695.74","38,559,695.74",Industriales,BYMWL86,US89400J1079,New York Stock Exchange Inc.
BR,BROADRIDGE FINANCIAL SOLUTIONS INC,Equity,0.09,103.61,"371,652.00","38,506,863.72","38,506,863.72",Tecnología de la Información,B1VP7R6,US11133T1034,New York Stock Exchange Inc.
WYNN,WYNN RESORTS LTD,Equity,0.09,115.64,"329,186.00","38,067,069.04","38,067,069.04",Consumo discrecional,2963811,US9831341071,NASDAQ
FTNT,FORTINET INC,Equity,0.09,84.38,"450,011.00","37,971,928.18","37,971,928.18",Tecnología de la Información,B5B2106,US34959E1091,NASDAQ
EXAS,EXACT SCIENCES CORP,Equity,0.09,96.15,"382,969.00","36,822,469.35","36,822,469.35",Cuidado de la Salud,2719951,US30063P1057,NASDAQ
TWLO,TWILIO INC CLASS A,Equity,0.09,130.00,"281,102.00","36,543,260.00","36,543,260.00",Tecnología de la Información,BD6P5Q0,US90138F1021,New York Stock Exchange Inc.
OKE,ONEOK INC,Equity,0.09,67.12,"543,653.00","36,489,989.36","36,489,989.36",Energía,2130109,US6826801036,New York Stock Exchange Inc.
ZBRA,ZEBRA TECHNOLOGIES CORP CLASS A,Equity,0.09,212.67,"169,672.00","36,084,144.24","36,084,144.24",Tecnología de la Información,2989356,US9892071054,NASDAQ
WCG,WELLCARE HEALTHCARE PLANS INC,Equity,0.08,241.41,"148,622.00","35,878,837.02","35,878,837.02",Cuidado de la Salud,B01R258,US94946T1060,New York Stock Exchange Inc.
OMC,OMNICOM GROUP INC,Equity,0.08,75.64,"471,592.00","35,671,218.88","35,671,218.88",Comunicación,2279303,US6819191064,New York Stock Exchange Inc.
DFS,DISCOVER FINANCIAL SERVICES,Equity,0.08,72.34,"490,254.00","35,464,974.36","35,464,974.36",Financieros,B1YLC43,US2547091080,New York Stock Exchange Inc.
LNG,CHENIERE ENERGY INC,Equity,0.08,69.19,"511,420.00","35,385,149.80","35,385,149.80",Energía,2654364,US16411R2085,Nyse Mkt Llc
TSCO,TRACTOR SUPPLY,Equity,0.08,90.40,"391,013.00","35,347,575.20","35,347,575.20",Consumo discrecional,2900335,US8923561067,NASDAQ
MLM,MARTIN MARIETTA MATERIALS INC,Equity,0.08,191.70,"184,334.00","35,336,827.80","35,336,827.80",Materiales,2572079,US5732841060,New York Stock Exchange Inc.
TEAM,ATLASSIAN CORP PLC CLASS A,Equity,0.08,110.48,"316,577.00","34,975,426.96","34,975,426.96",Tecnología de la Información,BZ09BD1,GB00BZ09BD16,NASDAQ
AKAM,AKAMAI TECHNOLOGIES INC,Equity,0.08,72.71,"473,431.00","34,423,168.01","34,423,168.01",Tecnología de la Información,2507457,US00971T1016,NASDAQ
PTC,PTC INC,Equity,0.08,91.66,"372,134.00","34,109,802.44","34,109,802.44",Tecnología de la Información,B95N910,US69370C1009,NASDAQ
EXR,EXTRA SPACE STORAGE REIT INC,Equity,0.08,100.05,"339,359.00","33,952,867.95","33,952,867.95",Bienes Raíces,B02HWR9,US30225T1025,New York Stock Exchange Inc.
IEX,IDEX CORP,Equity,0.08,146.67,"230,834.00","33,856,422.78","33,856,422.78",Industriales,2456612,US45167R1041,New York Stock Exchange Inc.
CL,COLGATE-PALMOLIVE,Equity,0.08,66.25,"508,380.00","33,680,175.00","33,680,175.00",Productos básicos de consumo,2209106,US1941621039,New York Stock Exchange Inc.
JKHY,JACK HENRY ANS ASSOCIATES INC,Equity,0.08,135.84,"246,449.00","33,477,632.16","33,477,632.16",Tecnología de la Información,2469193,US4262811015,NASDAQ
SWKS,SKYWORKS SOLUTIONS INC,Equity,0.08,81.43,"407,595.00","33,190,460.85","33,190,460.85",Tecnología de la Información,2961053,US83088M1027,NASDAQ
DPZ,DOMINOS PIZZA INC,Equity,0.08,247.25,"132,363.00","32,726,751.75","32,726,751.75",Consumo discrecional,B01SD70,US25754A2015,New York Stock Exchange Inc.
ULTI,ULTIMATE SOFTWARE GROUP INC,Equity,0.08,331.83,"98,161.00","32,572,764.63","32,572,764.63",Tecnología de la Información,2249964,US90385D1072,NASDAQ
SIRI,SIRIUS XM HOLDINGS INC,Equity,0.08,6.13,"5,298,216.00","32,478,064.08","32,478,064.08",Comunicación,BGLDK10,US82968B1035,NASDAQ
SIVB,SVB FINANCIAL GROUP,Equity,0.08,245.48,"130,135.00","31,945,539.80","31,945,539.80",Financieros,2808053,US78486Q1013,NASDAQ
CBOE,CBOE GLOBAL MARKETS INC,Equity,0.07,95.27,"332,455.00","31,671,325.57","31,671,325.57",Financieros,B5834C5,US12503M1080,Cboe BZX formerly known as BATS
URI,UNITED RENTALS INC,Equity,0.07,121.71,"258,408.00","31,450,837.68","31,450,837.68",Industriales,2134781,US9113631090,New York Stock Exchange Inc.
IONS,IONIS PHARMACEUTICALS INC,Equity,0.07,77.44,"403,129.00","31,218,309.76","31,218,309.76",Cuidado de la Salud,BDJ0LS6,US4622221004,NASDAQ
ODFL,OLD DOMINION FREIGHT LINE INC,Equity,0.07,147.70,"210,842.00","31,141,363.40","31,141,363.40",Industriales,2656423,US6795801009,NASDAQ
ELS,EQUITY LIFESTYLE PROPERTIES REIT I,Equity,0.07,113.95,"273,155.00","31,126,012.25","31,126,012.25",Bienes Raíces,2563125,US29472R1086,New York Stock Exchange Inc.
SPR,SPIRIT AEROSYSTEMS INC CLASS A,Equity,0.07,91.91,"337,500.00","31,019,625.00","31,019,625.00",Industriales,B1HMMS7,US8485741099,New York Stock Exchange Inc.
W,WAYFAIR INC CLASS A,Equity,0.07,165.32,"185,662.00","30,693,641.84","30,693,641.84",Consumo discrecional,BQXZP64,US94419L1017,New York Stock Exchange Inc.
AVY,AVERY DENNISON CORP,Equity,0.07,110.12,"276,795.00","30,480,665.40","30,480,665.40",Materiales,2066408,US0536111091,New York Stock Exchange Inc.
BURL,BURLINGTON STORES INC,Equity,0.07,140.80,"213,741.00","30,094,732.80","30,094,732.80",Consumo discrecional,BF311Y5,US1220171060,New York Stock Exchange Inc.
FFIV,F5 NETWORKS INC,Equity,0.07,153.18,"195,693.00","29,976,253.74","29,976,253.74",Tecnología de la Información,2427599,US3156161024,NASDAQ
DATA,TABLEAU SOFTWARE INC CLASS A,Equity,0.07,130.44,"227,718.00","29,703,535.92","29,703,535.92",Tecnología de la Información,B8DJFL5,US87336U1051,New York Stock Exchange Inc.
PKG,PACKAGING CORP OF AMERICA,Equity,0.07,98.75,"299,761.00","29,601,398.75","29,601,398.75",Materiales,2504566,US6951561090,New York Stock Exchange Inc.
ON,ON SEMICONDUCTOR CORP,Equity,0.07,22.06,"1,336,548.00","29,484,248.88","29,484,248.88",Tecnología de la Información,2583576,US6821891057,NASDAQ
PAYC,PAYCOM SOFTWARE INC,Equity,0.07,183.35,"159,771.00","29,294,012.85","29,294,012.85",Tecnología de la Información,BL95MY0,US70432V1026,New York Stock Exchange Inc.
JBHT,JB HUNT TRANSPORT SERVICES INC,Equity,0.07,104.14,"279,231.00","29,079,116.34","29,079,116.34",Industriales,2445416,US4456581077,NASDAQ
YUM,YUM BRANDS INC,Equity,0.07,98.98,"290,481.00","28,751,809.38","28,751,809.38",Consumo discrecional,2098876,US9884981013,New York Stock Exchange Inc.
FDS,FACTSET RESEARCH SYSTEMS INC,Equity,0.07,236.11,"120,039.00","28,342,408.29","28,342,408.29",Financieros,2329770,US3030751057,New York Stock Exchange Inc.
LYV,LIVE NATION ENTERTAINMENT INC,Equity,0.07,63.56,"445,234.00","28,299,073.04","28,299,073.04",Comunicación,B0T7YX2,US5380341090,New York Stock Exchange Inc.
CGNX,COGNEX CORP,Equity,0.07,53.02,"529,125.00","28,054,207.50","28,054,207.50",Tecnología de la Información,2208288,US1924221039,NASDAQ
ZEN,ZENDESK INC,Equity,0.07,82.96,"338,033.00","28,043,217.68","28,043,217.68",Tecnología de la Información,BMH0MR7,US98936J1016,New York Stock Exchange Inc.
SRPT,SAREPTA THERAPEUTICS INC,Equity,0.07,129.41,"214,189.00","27,718,198.49","27,718,198.49",Cuidado de la Salud,B8DPDT7,US8036071004,NASDAQ
NVR,NVR INC,Equity,0.07,"2,722.77","10,152.00","27,641,561.04","27,641,561.04",Consumo discrecional,2637785,US62944T1051,New York Stock Exchange Inc.
MTN,VAIL RESORTS INC,Equity,0.07,214.38,"128,377.00","27,521,461.26","27,521,461.26",Consumo discrecional,2954194,US91879Q1094,New York Stock Exchange Inc.
EPAM,EPAM SYSTEMS INC,Equity,0.07,168.00,"163,762.00","27,512,016.00","27,512,016.00",Tecnología de la Información,B44Z3T8,US29414B1044,New York Stock Exchange Inc.
SYF,SYNCHRONY FINANCIAL,Equity,0.06,32.84,"835,181.00","27,427,344.04","27,427,344.04",Financieros,BP96PS6,US87165B1035,New York Stock Exchange Inc.
MKTX,MARKETAXESS HOLDINGS INC,Equity,0.06,231.81,"118,185.00","27,396,464.85","27,396,464.85",Financieros,B03Q9D0,US57060D1081,NASDAQ
CE,CELANESE CORP,Equity,0.06,100.37,"271,643.00","27,264,807.91","27,264,807.91",Materiales,B05MZT4,US1508701034,New York Stock Exchange Inc.
COG,CABOT OIL & GAS CORP,Equity,0.06,26.05,"1,035,169.00","26,966,152.45","26,966,152.45",Energía,2162340,US1270971039,New York Stock Exchange Inc.
CMI,CUMMINS INC,Equity,0.06,157.11,"171,552.00","26,952,534.72","26,952,534.72",Industriales,2240202,US2310211063,New York Stock Exchange Inc.
LII,LENNOX INTERNATIONAL INC,Equity,0.06,248.22,"108,467.00","26,923,678.74","26,923,678.74",Industriales,2442053,US5261071071,New York Stock Exchange Inc.
DHI,D R HORTON INC,Equity,0.06,40.80,"649,600.00","26,503,680.00","26,503,680.00",Consumo discrecional,2250687,US23331A1097,New York Stock Exchange Inc.
DAL,DELTA AIR LINES INC,Equity,0.06,50.94,"512,562.00","26,109,908.28","26,109,908.28",Industriales,B1W9D46,US2473617023,New York Stock Exchange Inc.
CERN,CERNER CORP,Equity,0.06,57.14,"455,548.00","26,030,012.72","26,030,012.72",Cuidado de la Salud,2185284,US1567821046,NASDAQ
MAS,MASCO CORP,Equity,0.06,38.91,"663,829.00","25,829,586.39","25,829,586.39",Industriales,2570200,US5745991068,New York Stock Exchange Inc.
SGEN,SEATTLE GENETICS INC,Equity,0.06,73.60,"350,668.00","25,809,164.80","25,809,164.80",Cuidado de la Salud,2738127,US8125781026,NASDAQ
ADS,ALLIANCE DATA SYSTEMS CORP,Equity,0.06,169.69,"151,274.00","25,669,685.06","25,669,685.06",Tecnología de la Información,2762030,US0185811082,New York Stock Exchange Inc.
GGG,GRACO INC,Equity,0.06,47.94,"532,602.00","25,532,939.88","25,532,939.88",Industriales,2380443,US3841091040,New York Stock Exchange Inc.
HAS,HASBRO INC,Equity,0.06,86.51,"290,130.00","25,099,146.30","25,099,146.30",Consumo discrecional,2414580,US4180561072,NASDAQ
CBRE,CBRE GROUP INC CLASS A,Equity,0.06,50.11,"493,457.00","24,727,130.27","24,727,130.27",Bienes Raíces,B6WVMH3,US12504L1098,New York Stock Exchange Inc.
XYL,XYLEM INC,Equity,0.06,76.50,"322,152.00","24,644,628.00","24,644,628.00",Industriales,B3P2CN8,US98419M1009,New York Stock Exchange Inc.
TYL,TYLER TECHNOLOGIES INC,Equity,0.06,201.62,"121,736.00","24,544,412.32","24,544,412.32",Tecnología de la Información,2909644,US9022521051,New York Stock Exchange Inc.
RHI,ROBERT HALF,Equity,0.06,65.34,"373,938.00","24,433,108.92","24,433,108.92",Industriales,2110703,US7703231032,New York Stock Exchange Inc.
HII,HUNTINGTON INGALLS INDUSTRIES INC,Equity,0.06,207.30,"117,451.00","24,347,592.30","24,347,592.30",Industriales,B40SSC9,US4464131063,New York Stock Exchange Inc.
FICO,FAIR ISAAC CORP,Equity,0.06,261.24,"93,101.00","24,321,705.24","24,321,705.24",Tecnología de la Información,2330299,US3032501047,New York Stock Exchange Inc.
GWRE,GUIDEWIRE SOFTWARE INC,Equity,0.06,94.02,"258,557.00","24,309,529.14","24,309,529.14",Tecnología de la Información,B7JYSG3,US40171V1008,New York Stock Exchange Inc.
BKI,BLACK KNIGHT INC,Equity,0.06,52.60,"459,695.00","24,179,957.00","24,179,957.00",Tecnología de la Información,BDG75V1,US09215C1053,New York Stock Exchange Inc.
SAGE,SAGE THERAPEUTICS INC,Equity,0.06,154.81,"155,418.00","24,060,260.58","24,060,260.58",Cuidado de la Salud,BP4GNK9,US78667J1088,NASDAQ
BAH,BOOZ ALLEN HAMILTON HOLDING CORP C,Equity,0.06,56.27,"427,518.00","24,056,437.86","24,056,437.86",Tecnología de la Información,B5367T7,US0995021062,New York Stock Exchange Inc.
APC,ANADARKO PETROLEUM CORP,Equity,0.06,44.25,"540,922.00","23,935,798.50","23,935,798.50",Energía,2032380,US0325111070,New York Stock Exchange Inc.
WEX,WEX INC,Equity,0.06,180.06,"132,889.00","23,927,993.34","23,927,993.34",Tecnología de la Información,B8383P2,US96208T1043,New York Stock Exchange Inc.
CDK,CDK GLOBAL INC,Equity,0.06,57.34,"416,427.00","23,877,924.18","23,877,924.18",Tecnología de la Información,BQXTWQ5,US12508E1010,NASDAQ
NBIX,NEUROCRINE BIOSCIENCES INC,Equity,0.06,82.97,"285,889.00","23,720,210.33","23,720,210.33",Cuidado de la Salud,2623911,US64125C1099,NASDAQ
LEN,LENNAR A CORP,Equity,0.06,48.02,"489,976.00","23,528,647.52","23,528,647.52",Consumo discrecional,2511920,US5260571048,New York Stock Exchange Inc.
MOH,MOLINA HEALTHCARE INC,Equity,0.06,140.13,"167,527.00","23,475,558.51","23,475,558.51",Cuidado de la Salud,2212706,US60855R1005,New York Stock Exchange Inc.
JAZZ,JAZZ PHARMACEUTICALS PLC,Equity,0.06,134.80,"173,668.00","23,410,446.40","23,410,446.40",Cuidado de la Salud,B4Q5ZN4,IE00B4Q5ZN47,NASDAQ
RNG,RINGCENTRAL INC CLASS A,Equity,0.06,106.53,"218,991.00","23,329,111.23","23,329,111.23",Tecnología de la Información,BDZCRX3,US76680R2067,New York Stock Exchange Inc.
AOS,A O SMITH CORP,Equity,0.06,50.97,"457,179.00","23,302,413.63","23,302,413.63",Industriales,2816023,US8318652091,New York Stock Exchange Inc.
EXEL,EXELIXIS INC,Equity,0.06,24.76,"941,021.00","23,299,679.96","23,299,679.96",Cuidado de la Salud,2576941,US30161Q1040,NASDAQ
TECH,BIO TECHNE CORP,Equity,0.06,194.52,"119,714.00","23,286,767.28","23,286,767.28",Cuidado de la Salud,BSHZ3Q0,US09073M1045,NASDAQ
WBC,WABCO HOLDINGS INC,Equity,0.05,140.01,"165,771.00","23,209,597.71","23,209,597.71",Industriales,B23CNQ3,US92927K1025,New York Stock Exchange Inc.
OKTA,OKTA INC CLASS A,Equity,0.05,82.88,"276,521.00","22,918,060.48","22,918,060.48",Tecnología de la Información,BDFZSP1,US6792951054,NASDAQ
NDSN,NORDSON CORP,Equity,0.05,131.23,"174,257.00","22,867,746.11","22,867,746.11",Industriales,2641838,US6556631025,NASDAQ
EBAY,EBAY INC,Equity,0.05,36.35,"627,878.00","22,823,365.30","22,823,365.30",Consumo discrecional,2293819,US2786421030,NASDAQ
CCK,CROWN HOLDINGS INC,Equity,0.05,54.12,"417,900.00","22,616,748.00","22,616,748.00",Materiales,2427986,US2283681060,New York Stock Exchange Inc.
CME,CME GROUP INC CLASS A,Equity,0.05,168.43,"133,569.00","22,497,026.67","22,497,026.67",Financieros,2965839,US12572Q1058,NASDAQ
ALLE,ALLEGION PLC,Equity,0.05,88.77,"253,407.00","22,494,939.39","22,494,939.39",Industriales,BFRT3W7,IE00BFRT3W74,New York Stock Exchange Inc.
TTC,TORO,Equity,0.05,67.39,"332,591.00","22,413,307.49","22,413,307.49",Industriales,2897040,US8910921084,New York Stock Exchange Inc.
ALNY,ALNYLAM PHARMACEUTICALS INC,Equity,0.05,88.34,"253,494.00","22,393,659.96","22,393,659.96",Cuidado de la Salud,B00FWN1,US02043Q1076,NASDAQ
DRI,DARDEN RESTAURANTS INC,Equity,0.05,110.04,"201,672.00","22,191,986.88","22,191,986.88",Consumo discrecional,2289874,US2371941053,New York Stock Exchange Inc.
AZPN,ASPEN TECHNOLOGY INC,Equity,0.05,101.31,"216,922.00","21,976,367.82","21,976,367.82",Tecnología de la Información,2051868,US0453271035,NASDAQ
TRV,TRAVELERS COMPANIES INC,Equity,0.05,133.06,"164,045.00","21,827,827.70","21,827,827.70",Financieros,2769503,US89417E1091,New York Stock Exchange Inc.
SEIC,SEI INVESTMENTS,Equity,0.05,51.51,"418,737.00","21,569,142.87","21,569,142.87",Financieros,2793610,US7841171033,NASDAQ
K,KELLOGG,Equity,0.05,53.81,"399,189.00","21,480,360.09","21,480,360.09",Productos básicos de consumo,2486813,US4878361082,New York Stock Exchange Inc.
GRUB,GRUBHUB INC,Equity,0.05,73.85,"289,236.00","21,360,078.60","21,360,078.60",Consumo discrecional,BKY7XF2,US4001101025,New York Stock Exchange Inc.
CC,CHEMOURS,Equity,0.05,38.61,"546,330.00","21,093,801.30","21,093,801.30",Materiales,BZ0CTP8,US1638511089,New York Stock Exchange Inc.
OLED,UNIVERSAL DISPLAY CORP,Equity,0.05,154.80,"136,061.00","21,062,242.80","21,062,242.80",Tecnología de la Información,2277880,US91347P1057,NASDAQ
SERV,SERVICEMASTER GLOBAL HOLDINGS INC,Equity,0.05,47.73,"440,759.00","21,037,427.07","21,037,427.07",Consumo discrecional,BNG8BF0,US81761R1095,New York Stock Exchange Inc.
HBI,HANESBRANDS INC,Equity,0.05,17.75,"1,164,312.00","20,666,538.00","20,666,538.00",Consumo discrecional,B1BJSL9,US4103451021,New York Stock Exchange Inc.
ADI,ANALOG DEVICES INC,Equity,0.05,108.25,"189,205.00","20,481,441.25","20,481,441.25",Tecnología de la Información,2032067,US0326541051,NASDAQ
ZAYO,ZAYO GROUP HOLDINGS INC,Equity,0.05,28.25,"723,056.00","20,426,332.00","20,426,332.00",Comunicación,BRJ3H07,US98919V1052,New York Stock Exchange Inc.
POOL,POOL CORP,Equity,0.05,159.10,"127,612.00","20,303,069.20","20,303,069.20",Consumo discrecional,2781585,US73278L1052,NASDAQ
LPLA,LPL FINANCIAL HOLDINGS INC,Equity,0.05,74.25,"273,368.00","20,297,574.00","20,297,574.00",Financieros,B75JX34,US50212V1008,NASDAQ
KMX,CARMAX INC,Equity,0.05,60.61,"333,466.00","20,211,374.26","20,211,374.26",Consumo discrecional,2983563,US1431301027,New York Stock Exchange Inc.
TMO,THERMO FISHER SCIENTIFIC INC,Equity,0.05,261.43,"76,782.00","20,073,118.26","20,073,118.26",Cuidado de la Salud,2886907,US8835561023,New York Stock Exchange Inc.
XPO,XPO LOGISTICS INC,Equity,0.05,50.22,"398,879.00","20,031,703.38","20,031,703.38",Industriales,B6Z1355,US9837931008,New York Stock Exchange Inc.
PFPT,PROOFPOINT INC,Equity,0.05,122.01,"163,182.00","19,909,835.82","19,909,835.82",Tecnología de la Información,B6VDQC3,US7434241037,NASDAQ
TTWO,TAKE TWO INTERACTIVE SOFTWARE INC,Equity,0.05,92.43,"215,221.00","19,892,877.03","19,892,877.03",Comunicación,2122117,US8740541094,NASDAQ
BDX,BECTON DICKINSON,Equity,0.05,252.26,"78,389.00","19,774,409.14","19,774,409.14",Cuidado de la Salud,2087807,US0758871091,New York Stock Exchange Inc.
HEIA,HEICO CORP CLASS A,Equity,0.05,80.24,"246,350.00","19,767,124.00","19,767,124.00",Industriales,2237561,US4228062083,New York Stock Exchange Inc.
KAR,KAR AUCTION SERVICES INC,Equity,0.05,48.59,"406,396.00","19,746,781.64","19,746,781.64",Industriales,B4Y1MH7,US48238T1097,New York Stock Exchange Inc.
MASI,MASIMO CORP,Equity,0.05,133.37,"147,172.00","19,628,329.64","19,628,329.64",Cuidado de la Salud,B1YWR63,US5747951003,NASDAQ
BFAM,BRIGHT HORIZONS FAMILY SOLUTIONS I,Equity,0.05,125.09,"156,498.00","19,576,334.82","19,576,334.82",Consumo discrecional,B7MJWP2,US1091941005,New York Stock Exchange Inc.
ROP,ROPER TECHNOLOGIES INC,Equity,0.05,325.46,"60,011.00","19,531,180.06","19,531,180.06",Industriales,2749602,US7766961061,New York Stock Exchange Inc.
LAMR,LAMAR ADVERTISING COMPANY CLAS,Equity,0.05,78.30,"248,570.00","19,463,031.00","19,463,031.00",Bienes Raíces,BSPHGN6,US5128161099,NASDAQ
ROL,ROLLINS INC,Equity,0.05,41.02,"471,899.00","19,357,296.98","19,357,296.98",Industriales,2747305,US7757111049,New York Stock Exchange Inc.
IFF,INTERNATIONAL FLAVORS & FRAGRANCES,Equity,0.05,124.96,"153,665.00","19,201,978.40","19,201,978.40",Materiales,2464165,US4595061015,New York Stock Exchange Inc.
DNKN,DUNKIN BRANDS GROUP INC,Equity,0.05,71.60,"268,093.00","19,195,458.80","19,195,458.80",Consumo discrecional,B3LHT03,US2655041000,NASDAQ
PRAH,PRA HEALTH SCIENCES INC,Equity,0.05,103.88,"184,346.00","19,149,862.48","19,149,862.48",Cuidado de la Salud,BSHZ3V5,US69354M1080,NASDAQ
EHC,ENCOMPASS HEALTH CORP,Equity,0.04,60.01,"315,325.00","18,922,653.25","18,922,653.25",Cuidado de la Salud,BYX2YJ7,US29261A1007,New York Stock Exchange Inc.
DCI,DONALDSON INC,Equity,0.04,48.73,"381,479.00","18,589,471.67","18,589,471.67",Industriales,2276467,US2576511099,New York Stock Exchange Inc.
EOG,EOG RESOURCES INC,Equity,0.04,89.69,"206,010.00","18,477,036.90","18,477,036.90",Energía,2318024,US26875P1012,New York Stock Exchange Inc.
MPWR,MONOLITHIC POWER SYSTEMS INC,Equity,0.04,137.95,"132,162.00","18,231,747.90","18,231,747.90",Tecnología de la Información,B01Z7J1,US6098391054,NASDAQ
PODD,INSULET CORP,Equity,0.04,95.96,"188,697.00","18,107,364.12","18,107,364.12",Cuidado de la Salud,B1XGNW4,US45784P1012,NASDAQ
BLUE,BLUEBIRD BIO INC,Equity,0.04,151.57,"119,152.00","18,059,868.64","18,059,868.64",Cuidado de la Salud,BBFL7S1,US09609G1004,NASDAQ
AIG,AMERICAN INTERNATIONAL GROUP INC,Equity,0.04,43.75,"410,416.00","17,955,700.00","17,955,700.00",Financieros,2027342,US0268747849,New York Stock Exchange Inc.
NKTR,NEKTAR THERAPEUTICS,Equity,0.04,36.32,"490,886.00","17,828,979.52","17,828,979.52",Cuidado de la Salud,2454445,US6402681083,NASDAQ
VSM,VERSUM MATERIALS INC,Equity,0.04,49.40,"357,740.00","17,672,356.00","17,672,356.00",Tecnología de la Información,BD37KN1,US92532W1036,New York Stock Exchange Inc.
IPGP,IPG PHOTONICS CORP,Equity,0.04,149.51,"117,083.00","17,505,079.33","17,505,079.33",Tecnología de la Información,2698782,US44980X1090,NASDAQ
LOPE,GRAND CANYON EDUCATION INC,Equity,0.04,114.03,"152,970.00","17,443,169.10","17,443,169.10",Consumo discrecional,B3F1XM1,US38526M1062,NASDAQ
TRIP,TRIPADVISOR INC,Equity,0.04,51.71,"337,227.00","17,438,008.17","17,438,008.17",Comunicación,B6ZC3N6,US8969452015,NASDAQ
CVS,CVS HEALTH CORP,Equity,0.04,55.88,"311,637.00","17,414,275.56","17,414,275.56",Cuidado de la Salud,2577609,US1266501006,New York Stock Exchange Inc.
NTRS,NORTHERN TRUST CORP,Equity,0.04,94.49,"183,145.00","17,305,371.05","17,305,371.05",Financieros,2648668,US6658591044,NASDAQ
ALSN,ALLISON TRANSMISSION HOLDINGS INC,Equity,0.04,46.16,"372,732.00","17,205,309.12","17,205,309.12",Industriales,B4PZ892,US01973R1014,New York Stock Exchange Inc.
LECO,LINCOLN ELECTRIC HOLDINGS INC,Equity,0.04,84.35,"203,805.00","17,190,951.75","17,190,951.75",Industriales,2516851,US5339001068,NASDAQ
NTNX,NUTANIX INC CLASS A,Equity,0.04,38.25,"446,401.00","17,074,838.25","17,074,838.25",Tecnología de la Información,BYQBFT8,US67059N1081,NASDAQ
JWN,NORDSTROM INC,Equity,0.04,44.46,"375,565.00","16,697,619.90","16,697,619.90",Consumo discrecional,2641827,US6556641008,New York Stock Exchange Inc.
CHE,CHEMED CORP,Equity,0.04,329.28,"50,417.00","16,601,309.76","16,601,309.76",Cuidado de la Salud,2190084,US16359R1032,New York Stock Exchange Inc.
ALKS,ALKERMES,Equity,0.04,33.17,"497,046.00","16,487,015.82","16,487,015.82",Cuidado de la Salud,B3P6D26,IE00B56GVS15,NASDAQ
WH,WYNDHAM HOTELS RESORTS INC,Equity,0.04,50.91,"317,268.00","16,152,113.88","16,152,113.88",Consumo discrecional,BF108P4,US98311A1051,New York Stock Exchange Inc.
PII,POLARIS INDUSTRIES INC,Equity,0.04,85.28,"188,227.00","16,051,998.56","16,051,998.56",Consumo discrecional,2692933,US7310681025,New York Stock Exchange Inc.
KDP,KEURIG DR PEPPER INC,Equity,0.04,27.37,"581,754.00","15,922,606.98","15,922,606.98",Productos básicos de consumo,BD3W133,US49271V1008,New York Stock Exchange Inc.
CRL,CHARLES RIVER LABORATORIES INTERNA,Equity,0.04,140.99,"110,375.00","15,561,771.25","15,561,771.25",Cuidado de la Salud,2604336,US1598641074,New York Stock Exchange Inc.
SABR,SABRE CORP,Equity,0.04,21.50,"722,742.00","15,538,953.00","15,538,953.00",Tecnología de la Información,BLLHH27,US78573M1045,NASDAQ
ELAN,ELANCO ANIMAL HEALTH INC,Equity,0.04,30.31,"507,691.00","15,388,114.21","15,388,114.21",Cuidado de la Salud,BF5L3T2,US28414H1032,New York Stock Exchange Inc.
BWXT,BWX TECHNOLOGIES INC,Equity,0.04,49.09,"312,199.00","15,325,848.91","15,325,848.91",Industriales,BZ0W624,US05605H1005,New York Stock Exchange Inc.
CACC,CREDIT ACCEPTANCE CORP,Equity,0.04,454.74,"33,084.00","15,044,618.16","15,044,618.16",Financieros,2232050,US2253101016,NASDAQ
PEN,PENUMBRA INC,Equity,0.04,150.45,"99,920.00","15,032,964.00","15,032,964.00",Cuidado de la Salud,BZ0V201,US70975L1070,New York Stock Exchange Inc.
LSTR,LANDSTAR SYSTEM INC,Equity,0.04,111.02,"133,839.00","14,858,805.78","14,858,805.78",Industriales,2503994,US5150981018,NASDAQ
SBNY,SIGNATURE BANK,Equity,0.04,133.94,"110,807.00","14,841,489.58","14,841,489.58",Financieros,B00JQL9,US82669G1040,NASDAQ
EV,EATON VANCE COM NON VOTING CORP,Equity,0.03,41.20,"358,082.00","14,752,978.40","14,752,978.40",Financieros,2301057,US2782651036,New York Stock Exchange Inc.
HRC,HILL ROM HOLDINGS INC,Equity,0.03,104.63,"139,747.00","14,621,728.61","14,621,728.61",Cuidado de la Salud,2425924,US4314751029,New York Stock Exchange Inc.
HUBB,HUBBELL INC,Equity,0.03,121.20,"120,298.00","14,580,117.60","14,580,117.60",Industriales,BDFG6S3,US4435106079,New York Stock Exchange Inc.
CPB,CAMPBELL SOUP,Equity,0.03,35.64,"396,425.00","14,128,587.00","14,128,587.00",Productos básicos de consumo,2162845,US1344291091,New York Stock Exchange Inc.
BAX,BAXTER INTERNATIONAL INC,Equity,0.03,76.51,"183,259.00","14,021,146.09","14,021,146.09",Cuidado de la Salud,2085102,US0718131099,New York Stock Exchange Inc.
RP,REALPAGE INC,Equity,0.03,60.97,"228,865.00","13,953,899.05","13,953,899.05",Tecnología de la Información,B4W2S29,US75606N1090,NASDAQ
DOCU,DOCUSIGN INC,Equity,0.03,58.85,"234,485.00","13,799,442.25","13,799,442.25",Tecnología de la Información,BFYT7B7,US2561631068,NASDAQ
MKSI,MKS INSTRUMENTS INC,Equity,0.03,80.51,"170,867.00","13,756,502.17","13,756,502.17",Tecnología de la Información,2404871,US55306N1046,NASDAQ
FMC,FMC CORP,Equity,0.03,77.16,"177,756.00","13,715,652.96","13,715,652.96",Materiales,2328603,US3024913036,New York Stock Exchange Inc.
ST,SENSATA TECHNOLOGIES HOLDING PLC,Equity,0.03,47.76,"281,537.00","13,446,207.12","13,446,207.12",Industriales,BFMBMT8,GB00BFMBMT84,New York Stock Exchange Inc.
MIDD,MIDDLEBY CORP,Equity,0.03,127.44,"105,029.00","13,384,895.76","13,384,895.76",Industriales,2590930,US5962781010,NASDAQ
CABO,CABLE ONE INC,Equity,0.03,943.82,"14,070.00","13,279,547.40","13,279,547.40",Comunicación,BZ07DS4,US12685J1051,New York Stock Exchange Inc.
PH,PARKER-HANNIFIN CORP,Equity,0.03,169.99,"78,043.00","13,266,529.57","13,266,529.57",Industriales,2671501,US7010941042,New York Stock Exchange Inc.
CRI,CARTERS INC,Equity,0.03,93.59,"141,621.00","13,254,309.39","13,254,309.39",Consumo discrecional,2980939,US1462291097,New York Stock Exchange Inc.
NATI,NATIONAL INSTRUMENTS CORP,Equity,0.03,45.07,"291,641.00","13,144,259.87","13,144,259.87",Tecnología de la Información,2645078,US6365181022,NASDAQ
DLTR,DOLLAR TREE INC,Equity,0.03,100.65,"130,589.00","13,143,782.85","13,143,782.85",Consumo discrecional,2272476,US2567461080,NASDAQ
BBY,BEST BUY INC,Equity,0.03,68.85,"188,044.00","12,946,829.40","12,946,829.40",Consumo discrecional,2094670,US0865161014,New York Stock Exchange Inc.
TDC,TERADATA CORP,Equity,0.03,47.94,"269,629.00","12,926,014.26","12,926,014.26",Tecnología de la Información,B247H10,US88076W1036,New York Stock Exchange Inc.
GRA,WR GRACE,Equity,0.03,77.23,"162,111.00","12,519,832.53","12,519,832.53",Materiales,2232685,US38388F1084,New York Stock Exchange Inc.
LAZ,LAZARD LTD CLASS A,Equity,0.03,36.05,"344,731.00","12,427,552.55","12,427,552.55",Financieros,B081VQ7,BMG540501027,New York Stock Exchange Inc.
WYND,WYNDHAM DESTINATIONS INC,Equity,0.03,41.35,"299,073.00","12,366,668.55","12,366,668.55",Consumo discrecional,B198391,US98310W1080,New York Stock Exchange Inc.
COR,CORESITE REALTY REIT CORP,Equity,0.03,103.40,"119,299.00","12,335,516.60","12,335,516.60",Bienes Raíces,B3T3VV8,US21870Q1058,New York Stock Exchange Inc.
GNTX,GENTEX CORP,Equity,0.03,20.55,"599,024.00","12,309,943.20","12,309,943.20",Consumo discrecional,2366799,US3719011096,NASDAQ
LFUS,LITTELFUSE INC,Equity,0.03,187.85,"65,495.00","12,303,235.75","12,303,235.75",Tecnología de la Información,2531832,US5370081045,NASDAQ
POST,POST HOLDINGS INC,Equity,0.03,102.36,"119,799.00","12,262,625.64","12,262,625.64",Productos básicos de consumo,B6T0518,US7374461041,New York Stock Exchange Inc.
CY,CYPRESS SEMICONDUCTOR CORP,Equity,0.03,15.09,"811,493.00","12,245,429.37","12,245,429.37",Tecnología de la Información,2244549,US2328061096,NASDAQ
EVR,EVERCORE INC CLASS A,Equity,0.03,91.48,"132,458.00","12,117,257.84","12,117,257.84",Financieros,B1BHXZ2,US29977A1051,New York Stock Exchange Inc.
TWOU,2U INC,Equity,0.03,69.07,"175,489.00","12,121,025.23","12,121,025.23",Tecnología de la Información,BKWBZZ0,US90214J1016,NASDAQ
SEE,SEALED AIR CORP,Equity,0.03,45.00,"268,950.00","12,102,750.00","12,102,750.00",Materiales,2232793,US81211K1007,New York Stock Exchange Inc.
SIX,SIX FLAGS ENTERTAINMENT CORP,Equity,0.03,51.42,"231,843.00","11,921,367.06","11,921,367.06",Consumo discrecional,B43VKB8,US83001A1025,New York Stock Exchange Inc.
BERY,BERRY GLOBAL GROUP INC,Equity,0.03,55.06,"216,505.00","11,920,765.30","11,920,765.30",Materiales,B8BR3H3,US08579W1036,New York Stock Exchange Inc.
ICUI,ICU MEDICAL INC,Equity,0.03,234.07,"50,712.00","11,870,157.84","11,870,157.84",Cuidado de la Salud,2451918,US44930G1076,NASDAQ
DVA,DAVITA INC,Equity,0.03,53.58,"221,143.00","11,848,841.94","11,848,841.94",Cuidado de la Salud,2898087,US23918K1088,New York Stock Exchange Inc.
WSO,WATSCO INC,Equity,0.03,140.54,"83,580.00","11,746,333.20","11,746,333.20",Industriales,2943039,US9426222009,New York Stock Exchange Inc.
HEI,HEICO CORP,Equity,0.03,92.16,"127,389.00","11,740,170.24","11,740,170.24",Industriales,2419217,US4228061093,New York Stock Exchange Inc.
EFX,EQUIFAX INC,Equity,0.03,110.32,"106,372.00","11,734,959.04","11,734,959.04",Industriales,2319146,US2944291051,New York Stock Exchange Inc.
AME,AMETEK INC,Equity,0.03,80.65,"144,146.00","11,625,374.90","11,625,374.90",Industriales,2089212,US0311001004,New York Stock Exchange Inc.
IBKR,INTERACTIVE BROKERS GROUP INC CLAS,Equity,0.03,54.30,"214,065.00","11,623,729.50","11,623,729.50",Financieros,B1WT4X2,US45841N1072,IEX
EEFT,EURONET WORLDWIDE INC,Equity,0.03,140.47,"81,987.00","11,516,713.89","11,516,713.89",Tecnología de la Información,2320148,US2987361092,NASDAQ
MANH,MANHATTAN ASSOCIATES INC,Equity,0.03,55.19,"208,201.00","11,490,613.19","11,490,613.19",Tecnología de la Información,2239471,US5627501092,NASDAQ
RE,EVEREST RE GROUP LTD,Equity,0.03,219.01,"52,261.00","11,445,681.61","11,445,681.61",Financieros,2556868,BMG3223R1088,New York Stock Exchange Inc.
CPRI,CAPRI HOLDINGS LTD,Equity,0.03,46.24,"243,218.00","11,246,400.32","11,246,400.32",Consumo discrecional,BJ1N1M9,VGG1890L1076,New York Stock Exchange Inc.
PSTG,PURE STORAGE INC CLASS A,Equity,0.03,20.42,"543,150.00","11,091,123.00","11,091,123.00",Tecnología de la Información,BYZ62T3,US74624M1027,New York Stock Exchange Inc.
Z,ZILLOW GROUP INC CLASS C,Equity,0.03,38.10,"280,252.00","10,677,601.20","10,677,601.20",Comunicación,BYXJF62,US98954M2008,NASDAQ
ERIE,ERIE INDEMNITY CLASS A,Equity,0.03,175.95,"60,247.00","10,600,459.65","10,600,459.65",Financieros,2311711,US29530P1021,NASDAQ
PE,PARSLEY ENERGY INC CLASS A,Equity,0.02,18.07,"583,839.00","10,549,970.73","10,549,970.73",Energía,BMMV736,US7018771029,New York Stock Exchange Inc.
AAP,ADVANCE AUTO PARTS INC,Equity,0.02,154.00,"68,489.00","10,547,306.00","10,547,306.00",Consumo discrecional,2822019,US00751Y1064,New York Stock Exchange Inc.
RJF,RAYMOND JAMES INC,Equity,0.02,82.00,"127,514.00","10,456,148.00","10,456,148.00",Financieros,2718992,US7547301090,New York Stock Exchange Inc.
UAA,UNDER ARMOUR INC CLASS A,Equity,0.02,22.35,"467,116.00","10,440,042.60","10,440,042.60",Consumo discrecional,B0PZN11,US9043111072,New York Stock Exchange Inc.
NEU,NEWMARKET CORP,Equity,0.02,434.53,"23,652.00","10,277,503.56","10,277,503.56",Materiales,B01CGF1,US6515871076,New York Stock Exchange Inc.
SCCO,SOUTHERN COPPER CORP,Equity,0.02,37.08,"272,868.00","10,117,945.44","10,117,945.44",Materiales,2823777,US84265V1052,New York Stock Exchange Inc.
TCO,TAUBMAN CENTERS REIT INC,Equity,0.02,51.80,"195,333.00","10,118,249.40","10,118,249.40",Bienes Raíces,2872252,US8766641034,New York Stock Exchange Inc.
HGV,HILTON GRAND VACATIONS INC,Equity,0.02,31.47,"319,847.00","10,065,585.09","10,065,585.09",Consumo discrecional,BYSLHX4,US43283X1054,New York Stock Exchange Inc.
SCI,SERVICE,Equity,0.02,39.53,"253,982.00","10,039,908.46","10,039,908.46",Consumo discrecional,2797560,US8175651046,New York Stock Exchange Inc.
WEN,WENDYS,Equity,0.02,16.80,"593,000.00","9,962,400.00","9,962,400.00",Consumo discrecional,B3NXMJ9,US95058W1009,NASDAQ
IART,INTEGRA LIFESCIENCES HOLDINGS CORP,Equity,0.02,56.14,"177,011.00","9,937,397.54","9,937,397.54",Cuidado de la Salud,2248693,US4579852082,NASDAQ
COF,CAPITAL ONE FINANCIAL CORP,Equity,0.02,83.21,"118,180.00","9,833,757.80","9,833,757.80",Financieros,2654461,US14040H1059,New York Stock Exchange Inc.
AWI,ARMSTRONG WORLD INDUSTRIES INC,Equity,0.02,72.49,"135,342.00","9,810,941.58","9,810,941.58",Industriales,B1FT462,US04247X1028,New York Stock Exchange Inc.
AGIO,AGIOS PHARMACEUTICALS INC,Equity,0.02,63.51,"151,316.00","9,610,079.16","9,610,079.16",Cuidado de la Salud,BCBVTX1,US00847X1046,NASDAQ
FIS,FIDELITY NATIONAL INFORMATION SERV,Equity,0.02,107.78,"88,602.00","9,549,523.56","9,549,523.56",Tecnología de la Información,2769796,US31620M1062,New York Stock Exchange Inc.
UA,UNDER ARMOUR INC CLASS C,Equity,0.02,19.90,"477,910.00","9,510,409.00","9,510,409.00",Consumo discrecional,BDF9YM2,US9043112062,New York Stock Exchange Inc.
MTCH,MATCH GROUP INC,Equity,0.02,54.16,"172,998.00","9,369,571.68","9,369,571.68",Comunicación,BYT5JW8,US57665R1068,NASDAQ
EXP,EAGLE MATERIALS INC,Equity,0.02,71.63,"130,552.00","9,351,439.76","9,351,439.76",Materiales,2191399,US26969P1084,New York Stock Exchange Inc.
MRVL,MARVELL TECHNOLOGY GROUP LTD,Equity,0.02,19.41,"478,247.00","9,282,774.27","9,282,774.27",Tecnología de la Información,2594653,BMG5876H1051,NASDAQ
MCK,MCKESSON CORP,Equity,0.02,117.72,"78,351.00","9,223,479.72","9,223,479.72",Cuidado de la Salud,2378534,US58155Q1031,New York Stock Exchange Inc.
SFM,SPROUTS FARMERS MARKET INC,Equity,0.02,22.31,"412,466.00","9,202,116.46","9,202,116.46",Productos básicos de consumo,BCGCR79,US85208M1027,NASDAQ
NCR,NCR CORP,Equity,0.02,28.08,"322,187.00","9,047,010.96","9,047,010.96",Tecnología de la Información,2632650,US62886E1082,New York Stock Exchange Inc.
GLPI,GAMING AND LEISURE PROPERTIES REIT,Equity,0.02,36.99,"240,551.00","8,897,981.49","8,897,981.49",Bienes Raíces,BFPK4S5,US36467J1088,NASDAQ
FANG,DIAMONDBACK ENERGY INC,Equity,0.02,104.21,"85,304.00","8,889,529.84","8,889,529.84",Energía,B7Y8YR3,US25278X1090,NASDAQ
AMP,AMERIPRISE FINANCE INC,Equity,0.02,125.07,"70,692.00","8,841,448.44","8,841,448.44",Financieros,B0J7D57,US03076C1062,New York Stock Exchange Inc.
TPX,TEMPUR SEALY INTERNATIONAL INC,Equity,0.02,57.00,"155,012.00","8,835,684.00","8,835,684.00",Consumo discrecional,2216991,US88023U1016,New York Stock Exchange Inc.
ETFC,E TRADE FINANCIAL CORP,Equity,0.02,48.90,"180,467.00","8,824,836.30","8,824,836.30",Financieros,2299011,US2692464017,NASDAQ
THO,THOR INDUSTRIES INC,Equity,0.02,63.70,"138,202.00","8,803,467.40","8,803,467.40",Consumo discrecional,2889876,US8851601018,New York Stock Exchange Inc.
WAL,WESTERN ALLIANCE,Equity,0.02,44.55,"196,746.00","8,765,034.30","8,765,034.30",Financieros,B0CCGJ4,US9576381092,New York Stock Exchange Inc.
FBHS,FORTUNE BRANDS HOME AND SECURITY I,Equity,0.02,45.73,"190,510.00","8,712,022.30","8,712,022.30",Industriales,B3MC7D6,US34964C1062,New York Stock Exchange Inc.
CXO,CONCHO RESOURCES INC,Equity,0.02,103.72,"83,852.00","8,697,129.44","8,697,129.44",Energía,B1YWRK7,US20605P1012,New York Stock Exchange Inc.
TFX,TELEFLEX INC,Equity,0.02,298.86,"29,034.00","8,677,101.24","8,677,101.24",Cuidado de la Salud,2881407,US8793691069,New York Stock Exchange Inc.
MSI,MOTOROLA SOLUTIONS INC,Equity,0.02,140.09,"61,042.00","8,551,373.78","8,551,373.78",Tecnología de la Información,B5BKPQ4,US6200763075,New York Stock Exchange Inc.
WP,WORLDPAY INC CLASS A,Equity,0.02,97.49,"85,968.00","8,381,020.32","8,381,020.32",Tecnología de la Información,BF8D8T0,US9815581098,New York Stock Exchange Inc.
AMCX,AMC NETWORKS CLASS A INC,Equity,0.02,59.75,"140,001.00","8,365,059.75","8,365,059.75",Comunicación,B4MG4Z6,US00164V1035,NASDAQ
LOGM,LOGMEIN INC,Equity,0.02,81.09,"103,002.00","8,352,432.18","8,352,432.18",Tecnología de la Información,B600J15,US54142L1098,NASDAQ
CHH,CHOICE HOTELS INTERNATIONAL INC,Equity,0.02,77.83,"106,571.00","8,294,420.93","8,294,420.93",Consumo discrecional,2106780,US1699051066,New York Stock Exchange Inc.
PEGA,PEGASYSTEMS INC,Equity,0.02,65.18,"126,971.00","8,275,969.78","8,275,969.78",Tecnología de la Información,2675860,US7055731035,NASDAQ
FTDR,FRONTDOOR INC,Equity,0.02,35.80,"230,189.00","8,240,766.20","8,240,766.20",Consumo discrecional,BFYF094,US35905A1097,NASDAQ
BFA,BROWN FORMAN CORP CLASS A,Equity,0.02,50.20,"164,058.00","8,235,711.60","8,235,711.60",Productos básicos de consumo,2146816,US1156371007,New York Stock Exchange Inc.
CMD,CANTEL MEDICAL CORP,Equity,0.02,67.00,"121,348.00","8,130,316.00","8,130,316.00",Cuidado de la Salud,2188153,US1380981084,New York Stock Exchange Inc.
RGLD,ROYAL GOLD INC,Equity,0.02,90.19,"89,658.00","8,086,255.02","8,086,255.02",Materiales,2755706,US7802871084,NASDAQ
HDS,HD SUPPLY HOLDINGS INC,Equity,0.02,43.40,"185,307.00","8,042,323.80","8,042,323.80",Industriales,BBL5981,US40416M1053,NASDAQ
TOL,TOLL BROTHERS INC,Equity,0.02,36.15,"221,351.00","8,001,838.65","8,001,838.65",Consumo discrecional,2896092,US8894781033,New York Stock Exchange Inc.
WLK,WESTLAKE CHEMICAL CORP,Equity,0.02,68.71,"112,050.00","7,698,955.50","7,698,955.50",Materiales,B01ZP20,US9604131022,New York Stock Exchange Inc.
COO,COOPER INC,Equity,0.02,294.81,"25,804.00","7,607,277.24","7,607,277.24",Cuidado de la Salud,2222631,US2166484020,New York Stock Exchange Inc.
COHR,COHERENT INC,Equity,0.02,135.35,"55,630.00","7,529,520.50","7,529,520.50",Tecnología de la Información,2208374,US1924791031,NASDAQ
WAB,WESTINGHOUSE AIR BRAKE TECHNOLOGIE,Equity,0.02,72.26,"103,082.00","7,448,705.32","7,448,705.32",Industriales,2955733,US9297401088,New York Stock Exchange Inc.
FND,FLOOR DECOR HOLDINGS INC CLASS A,Equity,0.02,38.45,"186,120.00","7,156,314.00","7,156,314.00",Consumo discrecional,BYQHP96,US3397501012,New York Stock Exchange Inc.
FEYE,FIREEYE INC,Equity,0.02,16.84,"421,810.00","7,103,280.40","7,103,280.40",Tecnología de la Información,BD4R405,US31816Q1013,NASDAQ
AXTA,AXALTA COATING SYSTEMS LTD,Equity,0.02,26.09,"271,658.00","7,087,557.22","7,087,557.22",Materiales,BSFWCF5,BMG0750C1082,New York Stock Exchange Inc.
PHM,PULTEGROUP INC,Equity,0.02,27.09,"261,362.00","7,080,296.58","7,080,296.58",Consumo discrecional,2708841,US7458671010,New York Stock Exchange Inc.
URBN,URBAN OUTFITTERS INC,Equity,0.02,28.86,"244,707.00","7,062,244.02","7,062,244.02",Consumo discrecional,2933438,US9170471026,NASDAQ
IP,INTERNATIONAL PAPER,Equity,0.02,46.96,"147,951.00","6,947,778.96","6,947,778.96",Materiales,2465254,US4601461035,New York Stock Exchange Inc.
WU,WESTERN UNION,Equity,0.02,18.19,"381,768.00","6,944,359.92","6,944,359.92",Tecnología de la Información,B1F76F9,US9598021098,New York Stock Exchange Inc.
UBNT,UBIQUITI NETWORKS INC,Equity,0.02,143.90,"48,024.00","6,910,653.60","6,910,653.60",Tecnología de la Información,B76VD62,US90347A1007,NASDAQ
WBT,WELBILT INC,Equity,0.02,15.53,"442,164.00","6,866,806.92","6,866,806.92",Industriales,BYP5773,US9490901041,New York Stock Exchange Inc.
ACGL,ARCH CAPITAL GROUP LTD,Equity,0.02,32.55,"208,749.00","6,794,779.95","6,794,779.95",Financieros,2740542,BMG0450A1053,NASDAQ
MORN,MORNINGSTAR INC,Equity,0.02,119.59,"55,800.00","6,673,122.00","6,673,122.00",Financieros,B081VR8,US6177001095,NASDAQ
TXT,TEXTRON INC,Equity,0.02,51.78,"127,679.00","6,611,218.62","6,611,218.62",Industriales,2885937,US8832031012,New York Stock Exchange Inc.
STAY,EXTENDED STAY AMERICA UNITS INC,Equity,0.02,18.13,"363,205.00","6,584,906.65","6,584,906.65",Consumo discrecional,BGH3F75,US30224P2002,NASDAQ
TIF,TIFFANY,Equity,0.02,95.47,"68,166.00","6,507,808.02","6,507,808.02",Consumo discrecional,2892090,US8865471085,New York Stock Exchange Inc.
SKX,SKECHERS USA INC CLASS A,Equity,0.02,32.75,"197,713.00","6,475,100.75","6,475,100.75",Consumo discrecional,2428042,US8305661055,New York Stock Exchange Inc.
PNFP,PINNACLE FINANCIAL PARTNERS INC,Equity,0.02,58.29,"110,437.00","6,437,372.73","6,437,372.73",Financieros,2675097,US72346Q1040,NASDAQ
TPR,TAPESTRY INC,Equity,0.01,33.10,"190,347.00","6,300,485.70","6,300,485.70",Consumo discrecional,BF09HX3,US8760301072,New York Stock Exchange Inc.
TCBI,TEXAS CAPITAL BANCSHARES INC,Equity,0.01,58.58,"106,937.00","6,264,369.46","6,264,369.46",Financieros,2977209,US88224Q1076,NASDAQ
CDAY,CERIDIAN HCM HOLDING INC,Equity,0.01,50.29,"120,761.00","6,073,070.69","6,073,070.69",Tecnología de la Información,BFX1V56,US15677J1088,New York Stock Exchange Inc.
WST,WEST PHARMACEUTICAL SERVICES INC,Equity,0.01,106.01,"57,199.00","6,063,665.99","6,063,665.99",Cuidado de la Salud,2950482,US9553061055,New York Stock Exchange Inc.
G,GENPACT LTD,Equity,0.01,33.91,"178,249.00","6,044,423.59","6,044,423.59",Tecnología de la Información,B23DBK6,BMG3922B1072,New York Stock Exchange Inc.
CLR,CONTINENTAL RESOURCES INC,Equity,0.01,42.25,"142,323.00","6,013,146.75","6,013,146.75",Energía,B1XGWS3,US2120151012,New York Stock Exchange Inc.
SNV,SYNOVUS FINANCIAL CORP,Equity,0.01,38.75,"152,150.00","5,895,812.50","5,895,812.50",Financieros,BMH4NJ8,US87161C5013,New York Stock Exchange Inc.
HHC,HOWARD HUGHES CORP,Equity,0.01,108.64,"53,611.00","5,824,299.04","5,824,299.04",Bienes Raíces,B5VR4H9,US44267D1072,New York Stock Exchange Inc.
CLGX,CORELOGIC INC,Equity,0.01,37.00,"156,259.00","5,781,583.00","5,781,583.00",Tecnología de la Información,B5541Y2,US21871D1037,New York Stock Exchange Inc.
NXPI,NXP SEMICONDUCTORS NV,Equity,0.01,92.85,"57,786.00","5,365,430.10","5,365,430.10",Tecnología de la Información,B505PN7,NL0009538784,NASDAQ
MSM,MSC INDUSTRIAL INC CLASS A,Equity,0.01,82.04,"65,156.00","5,345,398.24","5,345,398.24",Industriales,2567655,US5535301064,New York Stock Exchange Inc.
ENR,ENERGIZER HOLDINGS INC,Equity,0.01,45.99,"115,316.00","5,303,382.84","5,303,382.84",Productos básicos de consumo,BYZFPN5,US29272W1099,New York Stock Exchange Inc.
PPG,PPG INDUSTRIES INC,Equity,0.01,109.68,"47,548.00","5,215,064.64","5,215,064.64",Materiales,2698470,US6935061076,New York Stock Exchange Inc.
RPM,RPM INTERNATIONAL INC,Equity,0.01,57.10,"90,430.00","5,163,553.00","5,163,553.00",Materiales,2756174,US7496851038,New York Stock Exchange Inc.
BRKR,BRUKER CORP,Equity,0.01,38.15,"132,286.00","5,046,710.90","5,046,710.90",Cuidado de la Salud,2616137,US1167941087,NASDAQ
SMG,SCOTTS MIRACLE GRO,Equity,0.01,80.29,"62,564.00","5,023,263.56","5,023,263.56",Materiales,2781518,US8101861065,New York Stock Exchange Inc.
PWR,QUANTA SERVICES INC,Equity,0.01,36.91,"135,872.00","5,015,035.52","5,015,035.52",Industriales,2150204,US74762E1029,New York Stock Exchange Inc.
STT,STATE STREET CORP,Equity,0.01,70.29,"71,124.00","4,999,305.96","4,999,305.96",Financieros,2842040,US8574771031,New York Stock Exchange Inc.
ZG,ZILLOW GROUP INC CLASS A,Equity,0.01,37.61,"131,266.00","4,936,914.26","4,936,914.26",Comunicación,BVYJBR3,US98954M1018,NASDAQ
REZI,RESIDEO TECHNOLOGIES INC,Equity,0.01,19.70,"245,129.00","4,829,041.30","4,829,041.30",Industriales,BFD1TJ6,US76118Y1047,New York Stock Exchange Inc.
SNPS,SYNOPSYS INC,Equity,0.01,108.00,"44,202.00","4,773,816.00","4,773,816.00",Tecnología de la Información,2867719,US8716071076,NASDAQ
GIS,GENERAL MILLS INC,Equity,0.01,47.46,"95,686.00","4,541,257.56","4,541,257.56",Productos básicos de consumo,2367026,US3703341046,New York Stock Exchange Inc.
LKQ,LKQ CORP,Equity,0.01,27.88,"161,893.00","4,513,576.84","4,513,576.84",Consumo discrecional,2971029,US5018892084,NASDAQ
CTLT,CATALENT INC,Equity,0.01,41.89,"107,607.00","4,507,657.23","4,507,657.23",Cuidado de la Salud,BP96PQ4,US1488061029,New York Stock Exchange Inc.
VC,VISTEON CORP,Equity,0.01,73.96,"58,418.00","4,320,595.28","4,320,595.28",Consumo discrecional,B4N0JJ6,US92839U2069,NASDAQ
HSIC,HENRY SCHEIN INC,Equity,0.01,59.10,"71,174.00","4,206,383.40","4,206,383.40",Cuidado de la Salud,2416962,US8064071025,NASDAQ
ARE,ALEXANDRIA REAL ESTATE EQUITIES RE,Equity,0.01,141.86,"28,965.00","4,108,974.90","4,108,974.90",Bienes Raíces,2009210,US0152711091,New York Stock Exchange Inc.
MKL,MARKEL CORP,Equity,0.01,"1,004.73","4,064.00","4,083,222.72","4,083,222.72",Financieros,2566436,US5705351048,New York Stock Exchange Inc.
HXL,HEXCEL CORP,Equity,0.01,68.71,"59,168.00","4,065,433.28","4,065,433.28",Industriales,2416779,US4282911084,New York Stock Exchange Inc.
YUMC,YUM CHINA HOLDINGS INC,Equity,0.01,41.14,"97,949.00","4,029,621.86","4,029,621.86",Consumo discrecional,BYW4289,US98850P1093,New York Stock Exchange Inc.
ESI,ELEMENT SOLUTIONS INC,Equity,0.01,10.70,"360,695.00","3,859,436.50","3,859,436.50",Materiales,BJ1C2K1,US28618M1062,New York Stock Exchange Inc.
STLD,STEEL DYNAMICS INC,Equity,0.01,35.12,"109,418.00","3,842,760.16","3,842,760.16",Materiales,2849472,US8581191009,NASDAQ
LB,L BRANDS INC,Equity,0.01,26.23,"138,120.00","3,622,887.60","3,622,887.60",Consumo discrecional,B9M2WX3,US5017971046,New York Stock Exchange Inc.
GDI,GARDNER DENVER HOLDINGS INC,Equity,0.01,27.00,"132,419.00","3,575,313.00","3,575,313.00",Industriales,BZ4DG90,US36555P1075,New York Stock Exchange Inc.
RSG,REPUBLIC SERVICES INC,Equity,0.01,78.93,"45,206.00","3,568,109.58","3,568,109.58",Industriales,2262530,US7607591002,New York Stock Exchange Inc.
AR,ANTERO RESOURCES CORP,Equity,0.01,8.58,"406,795.00","3,490,301.10","3,490,301.10",Energía,BFD2WR8,US03674X1063,New York Stock Exchange Inc.
MAT,MATTEL INC,Equity,0.01,14.46,"240,629.00","3,479,495.34","3,479,495.34",Consumo discrecional,2572303,US5770811025,NASDAQ
MGM,MGM RESORTS INTERNATIONAL,Equity,0.01,26.45,"131,259.00","3,471,800.55","3,471,800.55",Consumo discrecional,2547419,US5529531015,New York Stock Exchange Inc.
GWR,GENESEE & WYOMING INC CLASS A,Equity,0.01,84.92,"39,714.00","3,372,512.88","3,372,512.88",Industriales,2374060,US3715591059,New York Stock Exchange Inc.
HLF,HERBALIFE NUTRITION LTD,Equity,0.01,56.96,"58,994.00","3,360,298.24","3,360,298.24",Productos básicos de consumo,B0539H3,KYG4412G1010,New York Stock Exchange Inc.
MSFUT,CASH COLLATERAL MSFUT USD,Cash Collateral and Margins,0.01,100.00,"3,326,840.00","3,326,840.00","3,326,840.00",Liquidez,--,--,--
TER,TERADYNE INC,Equity,0.01,39.27,"84,723.00","3,327,072.21","3,327,072.21",Tecnología de la Información,2884183,US8807701029,NASDAQ
Y,ALLEGHANY CORP,Equity,0.01,615.67,"5,392.00","3,319,692.64","3,319,692.64",Financieros,2016801,US0171751003,New York Stock Exchange Inc.
VIRT,VIRTU FINANCIAL INC CLASS A,Equity,0.01,25.19,"129,434.00","3,260,442.46","3,260,442.46",Financieros,BWTVWD4,US9282541013,NASDAQ
SPB,SPECTRUM BRANDS HOLDINGS INC,Equity,0.01,55.49,"58,717.00","3,258,206.33","3,258,206.33",Productos básicos de consumo,BDRYFB1,US84790A1051,New York Stock Exchange Inc.
NUS,NU SKIN ENTERPRISES INC CLASS A,Equity,0.01,59.00,"53,689.00","3,167,651.00","3,167,651.00",Productos básicos de consumo,2616870,US67018T1051,New York Stock Exchange Inc.
MKC,MCCORMICK & CO NON-VOTING INC,Equity,0.01,139.46,"22,286.00","3,108,005.56","3,108,005.56",Productos básicos de consumo,2550161,US5797802064,New York Stock Exchange Inc.
LEA,LEAR CORP,Equity,0.01,140.54,"21,841.00","3,069,534.14","3,069,534.14",Consumo discrecional,B570P91,US5218652049,New York Stock Exchange Inc.
WSM,WILLIAMS SONOMA INC,Equity,0.01,56.21,"53,072.00","2,983,177.12","2,983,177.12",Consumo discrecional,2967589,US9699041011,New York Stock Exchange Inc.
HRB,H&R BLOCK INC,Equity,0.01,24.25,"121,922.00","2,956,608.50","2,956,608.50",Consumo discrecional,2105505,US0936711052,New York Stock Exchange Inc.
LH,LABORATORY CORPORATION OF AMERICA,Equity,0.01,152.82,"19,161.00","2,928,184.02","2,928,184.02",Cuidado de la Salud,2586122,US50540R4092,New York Stock Exchange Inc.
IPG,INTERPUBLIC GROUP OF COMPANIES INC,Equity,0.01,22.42,"123,900.00","2,777,838.00","2,777,838.00",Comunicación,2466321,US4606901001,New York Stock Exchange Inc.
APA,APACHE CORP,Equity,0.01,34.27,"76,320.00","2,615,486.40","2,615,486.40",Energía,2043962,US0374111054,New York Stock Exchange Inc.
XEC,CIMAREX ENERGY,Equity,0.01,70.52,"37,042.00","2,612,201.84","2,612,201.84",Energía,2987521,US1717981013,New York Stock Exchange Inc.
CMA,COMERICA INC,Equity,0.01,82.16,"30,905.00","2,539,154.80","2,539,154.80",Financieros,2212870,US2003401070,New York Stock Exchange Inc.
SLGN,SILGAN HOLDINGS INC,Equity,0.01,28.81,"82,295.00","2,370,918.95","2,370,918.95",Materiales,2809324,US8270481091,NASDAQ
PINC,PREMIER INC CLASS A,Equity,0.01,34.22,"63,443.00","2,171,019.46","2,171,019.46",Cuidado de la Salud,BDZDRC5,US74051N1028,NASDAQ
HPP,HUDSON PACIFIC PROPERTIES REIT INC,Equity,0.01,34.47,"62,477.00","2,153,582.19","2,153,582.19",Bienes Raíces,B64B9P8,US4440971095,New York Stock Exchange Inc.
GTX,GARRETT MOTION INC,Equity,0.01,14.50,"147,294.00","2,135,763.00","2,135,763.00",Consumo discrecional,BGLRLT7,US3665051054,New York Stock Exchange Inc.
GPK,GRAPHIC PACKAGING HOLDING,Equity,0.00,12.48,"166,414.00","2,076,846.72","2,076,846.72",Materiales,B2Q8249,US3886891015,New York Stock Exchange Inc.
FLIR,FLIR SYSTEMS INC,Equity,0.00,50.54,"38,192.00","1,930,223.68","1,930,223.68",Tecnología de la Información,2344717,US3024451011,NASDAQ
OHI,OMEGA HEALTHCARE INVESTORS REIT IN,Equity,0.00,36.69,"51,452.00","1,887,773.88","1,887,773.88",Bienes Raíces,2043274,US6819361006,New York Stock Exchange Inc.
EWBC,EAST WEST BANCORP INC,Equity,0.00,52.74,"34,256.00","1,806,661.44","1,806,661.44",Financieros,2487407,US27579R1041,NASDAQ
PS,PLURALSIGHT INC CLASS A,Equity,0.00,29.02,"61,685.00","1,790,098.70","1,790,098.70",Tecnología de la Información,BFZCT75,US72941B1061,NASDAQ
ESTC,ELASTIC NV,Equity,0.00,84.00,"20,735.00","1,741,740.00","1,741,740.00",Tecnología de la Información,BFXCLC6,NL0013056914,New York Stock Exchange Inc.
MSG,MADISON SQUARE GARDEN CLASS A,Equity,0.00,295.02,"5,856.00","1,727,637.12","1,727,637.12",Comunicación,BYQCZ35,US55825T1034,New York Stock Exchange Inc.
VOYA,VOYA FINANCIAL INC,Equity,0.00,49.99,"34,395.00","1,719,406.05","1,719,406.05",Financieros,BKWQ2N2,US9290891004,New York Stock Exchange Inc.
BOKF,BOK FINANCIAL CORP,Equity,0.00,86.19,"19,732.00","1,700,701.08","1,700,701.08",Financieros,2109091,US05561Q2012,NASDAQ
DELL,DELL TECHNOLOGIES INC CLASS C,Equity,0.00,57.18,"29,321.00","1,676,574.78","1,676,574.78",Tecnología de la Información,BHKD3S6,US24703L2025,New York Stock Exchange Inc.
AXS,AXIS CAPITAL HOLDINGS LTD,Equity,0.00,56.98,"28,020.00","1,596,579.60","1,596,579.60",Financieros,2677606,BMG0692U1099,New York Stock Exchange Inc.
BC,BRUNSWICK CORP,Equity,0.00,52.96,"26,501.00","1,403,492.96","1,403,492.96",Consumo discrecional,2149309,US1170431092,New York Stock Exchange Inc.
USFD,US FOODS HOLDING CORP,Equity,0.00,34.63,"40,227.00","1,393,061.01","1,393,061.01",Productos básicos de consumo,BYVFC94,US9120081099,New York Stock Exchange Inc.
RNR,RENAISSANCERE HOLDING LTD,Equity,0.00,146.29,"9,401.00","1,375,272.29","1,375,272.29",Financieros,2728429,BMG7496G1033,New York Stock Exchange Inc.
CHK,CHESAPEAKE ENERGY CORP,Equity,0.00,3.10,"428,466.00","1,328,244.60","1,328,244.60",Energía,2182779,US1651671075,New York Stock Exchange Inc.
COLM,COLUMBIA SPORTSWEAR,Equity,0.00,103.73,"12,037.00","1,248,598.01","1,248,598.01",Consumo discrecional,2229126,US1985161066,NASDAQ
UNVR,UNIVAR INC,Equity,0.00,22.78,"54,557.00","1,242,808.46","1,242,808.46",Industriales,BZ07PN3,US91336L1070,New York Stock Exchange Inc.
SWCH,SWITCH INC CLASS A,Equity,0.00,10.66,"116,469.00","1,241,559.54","1,241,559.54",Tecnología de la Información,BF2YWK8,US87105L1044,New York Stock Exchange Inc.
CW,CURTISS WRIGHT CORP,Equity,0.00,114.63,"10,816.00","1,239,838.08","1,239,838.08",Industriales,2241205,US2315611010,New York Stock Exchange Inc.
SWI,SOLARWINDS CORP,Equity,0.00,18.98,"64,652.00","1,227,094.96","1,227,094.96",Tecnología de la Información,BG1VY34,US83417Q1058,New York Stock Exchange Inc.
BRO,BROWN & BROWN INC,Equity,0.00,29.16,"41,498.00","1,210,081.68","1,210,081.68",Financieros,2692687,US1152361010,New York Stock Exchange Inc.
GPS,GAP INC,Equity,0.00,25.52,"42,912.00","1,095,114.24","1,095,114.24",Consumo discrecional,2360326,US3647601083,New York Stock Exchange Inc.
CVET,COVETRUS INC,Equity,0.00,35.89,"28,474.00","1,021,931.86","1,021,931.86",Cuidado de la Salud,BHZSB82,US22304C1009,NASDAQ
LENB,LENNAR CORP CLASS B,Equity,0.00,38.27,"26,377.00","1,009,447.79","1,009,447.79",Consumo discrecional,2578293,US5260573028,New York Stock Exchange Inc.
SC,SANTANDER CONSUMER USA HOLDINGS IN,Equity,0.00,20.81,"47,245.00","983,168.45","983,168.45",Financieros,BJ0KZ85,US80283M1018,New York Stock Exchange Inc.
KOS,KOSMOS ENERGY LTD,Equity,0.00,6.15,"144,418.00","888,170.70","888,170.70",Energía,BHK15K6,US5006881065,New York Stock Exchange Inc.
LSI,LIFE STORAGE INC,Equity,0.00,96.92,"8,255.00","800,074.60","800,074.60",Bienes Raíces,BDCSFJ6,US53223X1072,New York Stock Exchange Inc.
RES,RPC INC,Equity,0.00,9.97,"66,124.00","659,256.28","659,256.28",Energía,2719456,US7496601060,New York Stock Exchange Inc.
AL,AIR LEASE CORP CLASS A,Equity,0.00,34.74,"17,093.00","593,810.82","593,810.82",Industriales,B3XS562,US00912X3026,New York Stock Exchange Inc.
OMF,ONEMAIN HOLDINGS INC,Equity,0.00,33.55,"17,156.00","575,583.80","575,583.80",Financieros,BYSZB89,US68268W1036,New York Stock Exchange Inc.
SNDR,SCHNEIDER NATIONAL INC CLASS B,Equity,0.00,21.76,"24,727.00","538,059.52","538,059.52",Industriales,BYVN953,US80689H1023,New York Stock Exchange Inc.
CLNY,COLONY CAPITAL INC CLASS A,Equity,0.00,5.36,"83,655.00","448,390.80","448,390.80",Bienes Raíces,BG5QFV0,US19626G1085,New York Stock Exchange Inc.
LGFA,LIONS GATE ENTERTAINMENT VOTING CO,Equity,0.00,15.89,"25,473.00","404,765.97","404,765.97",Comunicación,BD8NBC0,CA5359194019,New York Stock Exchange Inc.
LGFB,LIONS GATE ENTERTAINMENT NON VOTIN,Equity,0.00,15.08,"22,155.00","334,097.40","334,097.40",Comunicación,BD8NB53,CA5359195008,New York Stock Exchange Inc.
MIK,MICHAELS COMPANIES INC,Equity,0.00,12.11,"27,122.00","328,447.42","328,447.42",Consumo discrecional,BNG83R6,US59408Q1067,NASDAQ
IGT,INTERNATIONAL GAME TECHNOLOGY PLC,Equity,0.00,13.27,24.00,318.48,318.48,Consumo discrecional,BVG7F06,GB00BVG7F061,New York Stock Exchange Inc.
ESM9,S&P500 EMINI JUN 19,Futures,0.00,"2,812.30",606.00,0.00,"85,212,690.00",Liquidez,--,--,Index And Options Market
USD,USD CASH,Cash,-0.08,100.00,"-34,716,025.00","-34,716,025.37","-34,716,025.37",Liquidez,--,--,--